ticker,report_date,report_time,reported_eps,estimated_eps,surprise_pct,sign_flip,pre_close,post_close,actual_move,implied_move,move_vs_implied,net_premium,iv_rank,fwd_5d,fwd_10d,fwd_21d,bucket
HD,2024-08-13,premarket,4.67,4.545,2.75,False,345.81,350.07,0.0123,0.0422,0.29,-449256.0,34.116382003992655,0.0491,0.066,0.0696,up
CSCO,2024-08-14,postmarket,0.71,0.852,-16.67,False,45.44,48.53,0.068,0.0567,1.2,2063542.0,11.142500957752528,0.0348,0.0383,0.0515,up
AMAT,2024-08-15,postmarket,2.12,2.013,5.32,False,211.83,207.9,-0.0186,0.046,0.4,-1850114.0,28.243947329816432,-0.0252,-0.0512,-0.0929,orderly
COHR,2024-08-15,postmarket,0.45,0.598,-24.75,False,71.28,76.63,0.0751,0.1028,0.73,-94612.0,8.788667133251272,0.0359,0.0172,0.0168,up
PANW,2024-08-19,postmarket,0.85,1.409,-39.67,False,171.68,184.01,0.0718,0.0842,0.85,19992095.0,19.97683827250019,-0.0484,-0.0594,-0.0935,up
MDT,2024-08-20,premarket,1.23,1.197,2.76,False,84.82,85.38,0.0066,0.0329,0.2,126327.0,11.934487671763684,0.0401,0.0662,0.0479,up
ADI,2024-08-21,premarket,1.58,1.5,5.33,False,223.49,227.5,0.0179,0.0432,0.42,-1400265.0,25.803468581166648,-0.0015,-0.0371,-0.0032,up
TGT,2024-08-21,premarket,2.57,2.175,18.16,False,144.33,159.25,0.1034,0.066,1.57,9908163.0,17.48949914600362,-0.015,-0.0462,-0.0283,up
INTU,2024-08-22,postmarket,0.61,1.855,-67.12,False,665.29,619.85,-0.0683,0.0456,1.5,-56043.0,11.464603619924668,0.0168,0.0115,0.0296,capitulation
CRM,2024-08-28,postmarket,1.92,2.353,-18.4,False,258.9,257.01,-0.0073,0.0689,0.11,-2832708.0,21.091711169440405,-0.0507,-0.0095,0.065,orderly
CRWD,2024-08-28,postmarket,0.24,0.979,-75.49,False,66.05,67.92,0.0283,0.0824,0.34,5421257.0,27.713108936575555,-0.0931,-0.0461,0.0324,up
HPQ,2024-08-28,postmarket,0.83,0.855,-2.92,False,34.76,35.46,0.0201,0.0676,0.3,74746.0,18.714948867662947,-0.0462,-0.0603,0.0116,up
NVDA,2024-08-28,postmarket,0.65,0.637,2.04,False,125.61,117.59,-0.0638,0.092,0.69,-32978947.0,35.72357402504452,-0.1255,0.0128,0.0327,orderly
DELL,2024-08-29,postmarket,1.69,1.736,-2.65,False,110.74,115.54,0.0433,0.0863,0.5,1589645.0,32.92644457088033,-0.0835,-0.0012,-0.0206,up
LULU,2024-08-29,postmarket,3.15,2.916,8.02,False,259.01,259.47,0.0018,0.0876,0.02,-1483037.0,31.46177327774927,-0.042,0.0225,0.0269,up
MRVL,2024-08-29,postmarket,0.12,0.293,-59.04,False,69.84,76.24,0.0916,0.0747,1.23,-412518.0,14.524093354617612,-0.0959,-0.0373,-0.0778,up
CIEN,2024-09-04,premarket,0.13,0.261,-50.19,False,55.35,54.93,-0.0076,0.0851,0.09,-8168.0,29.40232740385054,-0.0297,0.0269,0.1879,miss
CPRT,2024-09-04,postmarket,0.33,0.367,-10.08,False,53.05,49.51,-0.0667,0.0529,1.26,365568.0,35.152265080123975,-0.0008,0.0463,0.0685,overreaction
HPE,2024-09-04,postmarket,0.45,0.464,-3.02,False,18.77,17.64,-0.0602,0.078,0.77,375313.0,27.764813108281444,-0.0442,0.0686,0.1689,orderly
AVGO,2024-09-05,postmarket,1.24,1.198,3.51,False,152.82,137.0,-0.1036,0.0531,1.95,-11459147.0,49.48174244281288,0.2241,0.249,0.278,overreaction
ORCL,2024-09-09,postmarket,1.18,1.322,-10.74,False,139.89,155.89,0.1144,0.0669,1.71,3112455.0,22.4536417122382,0.0743,0.0636,0.1437,up
ADBE,2024-09-12,postmarket,3.81,4.528,-15.86,False,586.55,536.87,-0.0847,0.0596,1.42,-11587161.0,11.653618578673012,-0.0271,-0.0398,-0.0507,overreaction
GIS,2024-09-18,premarket,1.07,1.05,1.9,False,74.5,75.01,0.0068,0.0334,0.21,-122758.0,18.982616207140133,-0.0167,-0.0228,-0.0577,up
MU,2024-09-25,postmarket,0.99,1.097,-9.75,False,95.77,109.88,0.1473,0.0854,1.72,35720371.0,36.57220565375214,-0.0734,-0.0381,-0.0179,up
ACN,2024-09-26,premarket,2.79,2.77,0.72,False,337.05,355.81,0.0557,0.0482,1.16,585863.0,9.646261577379025,0.0153,0.0148,0.014,up
COST,2024-09-26,postmarket,5.15,5.046,2.06,False,901.44,885.62,-0.0175,0.034,0.52,-3996602.0,37.75232869387473,-0.0028,0.0039,0.006,orderly
CCL,2024-09-30,premarket,1.27,1.166,8.92,False,18.54,18.48,-0.0032,0.0731,0.04,-1030295.0,35.69093257455343,-0.0254,0.0936,0.1959,orderly
NKE,2024-10-01,postmarket,0.7,0.514,36.19,False,89.13,83.1,-0.0677,0.0628,1.08,-1853451.0,17.692067874605506,-0.0078,0.0101,-0.0718,overreaction
PEP,2024-10-08,premarket,2.31,2.3,0.43,False,167.21,170.42,0.0192,0.0278,0.69,-300665.0,39.38026328269172,0.0322,0.0232,-0.0335,up
DAL,2024-10-10,premarket,1.5,1.556,-3.6,False,50.98,50.29,-0.0135,0.0496,0.27,446866.0,46.237758845612234,0.0988,0.0891,0.214,orderly
JPM,2024-10-11,premarket,4.37,4.022,8.65,False,212.84,222.29,0.0444,0.0254,1.75,5213089.0,36.26061727192528,0.0139,0.0001,0.0765,up
BAC,2024-10-15,premarket,0.81,0.776,4.38,False,41.91,42.14,0.0055,0.0331,0.17,-2649257.0,47.2893688950619,0.0038,0.0093,0.0885,up
C,2024-10-15,premarket,1.51,1.344,12.35,False,66.01,62.64,-0.0511,0.0294,1.74,4442861.0,54.00700945424714,0.0147,0.0327,0.0998,overreaction
GS,2024-10-15,premarket,8.4,6.845,22.72,False,522.75,522.38,-0.0007,0.0271,0.03,-1211703.0,53.24775601397831,-0.0078,0.0036,0.1375,orderly
IBKR,2024-10-15,postmarket,1.75,1.75,0.0,False,38.24,36.7,-0.0403,0.04,1.01,13604.0,35.92073104125989,0.0044,0.0507,0.212,overreaction
JNJ,2024-10-15,premarket,2.42,2.217,9.16,False,161.6,164.1,0.0155,0.0224,0.69,387454.0,46.40435486936873,-0.004,-0.0244,-0.0662,up
SCHW,2024-10-15,premarket,0.77,0.748,2.94,False,67.82,71.96,0.061,0.0498,1.22,-1551699.0,32.86633678194479,-0.0146,-0.001,0.0874,up
UNH,2024-10-15,premarket,7.15,7.015,1.92,False,605.4,556.29,-0.0811,0.0368,2.2,-8413276.0,57.28475055350588,0.0244,0.0105,0.0891,overreaction
KMI,2024-10-16,postmarket,0.25,0.27,-7.41,False,24.93,24.82,-0.0044,0.0303,0.15,-34446.0,63.66699845891511,0.0068,-0.0125,0.0987,orderly
BX,2024-10-17,premarket,1.01,0.911,10.87,False,159.71,169.73,0.0627,0.0331,1.89,4925897.0,39.70572732344693,-0.0004,-0.0117,0.0688,up
MS,2024-10-17,premarket,1.88,1.57,19.75,False,119.51,119.44,-0.0006,0.0154,0.04,1067096.0,28.658797103664135,-0.0023,-0.0267,0.1224,orderly
NFLX,2024-10-17,postmarket,5.4,5.09,6.09,False,68.77,76.39,0.1108,0.062,1.79,82262085.0,10.178163972348266,-0.012,-0.0102,0.1089,up
AXP,2024-10-18,premarket,3.49,3.266,6.86,False,285.78,276.79,-0.0315,0.0419,0.75,-3166464.0,42.242905018490994,-0.0341,-0.0148,0.0316,orderly
PG,2024-10-18,premarket,1.93,1.898,1.69,False,172.28,171.28,-0.0058,0.0235,0.25,-92442.0,50.76150410564963,-0.0179,-0.0361,-0.0031,orderly
SLB,2024-10-18,premarket,0.89,0.883,0.79,False,43.99,41.92,-0.0471,0.0254,1.85,114558.0,62.902291263890824,-0.0043,-0.0515,0.0375,overreaction
CSGP,2024-10-22,postmarket,0.18,0.163,10.43,False,76.87,72.82,-0.0527,0.0824,0.64,780484.0,46.15861333059583,0.0088,0.0282,0.0574,orderly
GE,2024-10-22,premarket,1.15,1.13,1.77,False,194.23,176.66,-0.0905,0.042,2.15,-5220091.0,54.43718721692265,-0.0148,-0.0079,0.0075,overreaction
GM,2024-10-22,premarket,2.96,2.493,18.73,False,48.93,53.73,0.0981,0.05,1.96,2223571.0,42.08459654346356,-0.0408,-0.0006,0.0212,up
TXN,2024-10-22,postmarket,1.47,1.364,7.77,False,193.97,201.74,0.0401,0.0457,0.88,4487001.0,43.371242375709436,0.0307,0.0656,-0.0175,up
APH,2024-10-23,premarket,0.5,0.446,12.11,False,66.85,68.47,0.0242,0.0724,0.33,-454104.0,61.10169769247457,-0.0016,0.054,0.0697,up
BA,2024-10-23,premarket,-10.44,-10.337,-1.0,False,159.88,157.06,-0.0176,0.0463,0.38,-10708401.0,76.7796165074487,-0.0176,-0.063,-0.0869,orderly
BSX,2024-10-23,premarket,0.63,0.585,7.69,False,88.01,87.45,-0.0064,0.0541,0.12,358507.0,48.694736216999324,-0.0396,-0.0115,0.0463,orderly
GEV,2024-10-23,premarket,0.35,0.224,56.25,False,276.42,279.88,0.0125,0.0527,0.24,-1468167.0,28.35648406997081,0.0633,0.2016,0.2143,up
IBM,2024-10-23,postmarket,2.3,2.265,1.55,False,232.75,218.39,-0.0617,0.0496,1.24,-811525.0,34.12493508560643,-0.0534,-0.0215,0.021,overreaction
KO,2024-10-23,premarket,0.77,0.743,3.63,False,69.45,68.01,-0.0207,0.0215,0.97,-159760.0,65.56160417652308,-0.0307,-0.0634,-0.0625,orderly
LRCX,2024-10-23,postmarket,0.86,0.8,7.5,False,72.86,76.57,0.0509,0.0595,0.86,-964529.0,59.66637999264636,-0.029,0.0345,-0.0513,up
NEE,2024-10-23,premarket,1.03,1.057,-2.55,False,83.7,84.96,0.0151,0.0371,0.41,-309280.0,66.84851838375423,-0.0691,-0.1229,-0.0895,up
NEM,2024-10-23,postmarket,0.81,0.833,-2.76,False,57.74,49.25,-0.147,0.039,3.77,-3260524.0,39.95718713726094,-0.0774,-0.083,-0.1192,overreaction
NOW,2024-10-23,postmarket,2.17,3.463,-37.34,False,181.54,191.32,0.0539,0.0545,0.99,3247619.0,27.384163156689738,-0.0247,0.0614,0.1087,up
T,2024-10-23,premarket,0.6,0.586,2.39,False,21.5,22.49,0.046,0.0427,1.08,138295.0,26.803547659051986,-0.0209,-0.0076,0.0218,up
TSLA,2024-10-23,postmarket,0.62,0.584,6.16,False,213.65,260.48,0.2192,0.0684,3.2,323533420.0,42.13314633592588,-0.0408,0.1399,0.3535,up
COF,2024-10-24,postmarket,4.51,3.701,21.86,False,153.26,161.27,0.0523,0.0394,1.33,4045556.0,65.83074343194725,0.0163,0.1484,0.1899,up
DOW,2024-10-24,premarket,0.47,0.464,1.29,False,51.49,50.99,-0.0097,0.0261,0.37,-161044.0,62.0465641563757,-0.0316,-0.041,-0.1085,orderly
F,2024-10-28,postmarket,0.49,0.494,-0.81,False,11.37,10.41,-0.0844,0.0736,1.15,-3300461.0,34.56730546312585,0.0183,0.0663,0.0663,overreaction
ON,2024-10-28,premarket,0.99,0.971,1.96,False,71.25,72.24,0.0139,0.0788,0.18,2423650.0,47.128827045659996,-0.0379,-0.0316,-0.0197,up
AMD,2024-10-29,postmarket,0.76,0.908,-16.3,False,166.25,148.6,-0.1062,0.0698,1.52,-35258120.0,41.698916722590845,-0.0236,-0.0626,-0.0769,overreaction
CMG,2024-10-29,postmarket,0.27,0.252,7.14,False,60.49,55.73,-0.0787,0.0745,1.06,-1344919.0,39.87857822253116,0.0352,0.0635,0.1039,overreaction
EIX,2024-10-29,postmarket,1.51,1.388,8.79,False,83.14,83.24,0.0012,0.0419,0.03,63230.0,55.95185504142122,-0.0249,-0.0127,0.0542,up
FSLR,2024-10-29,postmarket,2.91,3.104,-6.25,False,199.67,197.5,-0.0109,0.0624,0.17,1643481.0,86.27067121562655,-0.0176,-0.0778,0.009,orderly
GLW,2024-10-29,premarket,0.54,0.524,3.05,False,46.84,49.03,0.0468,0.0512,0.91,-53180.0,46.67633953299263,-0.0357,-0.0145,-0.0165,up
GOOGL,2024-10-29,postmarket,2.12,1.833,15.66,False,169.68,174.46,0.0282,0.0565,0.5,2125269.0,36.16825051931597,0.0118,0.0253,-0.0316,up
MCD,2024-10-29,premarket,3.23,3.181,1.54,False,296.79,295.0,-0.006,0.0301,0.2,-551985.0,42.01973296812014,0.0079,0.0124,0.0003,orderly
PFE,2024-10-29,premarket,1.06,0.635,66.93,False,28.86,28.46,-0.0139,0.0337,0.41,-958395.0,39.847281758284396,-0.0165,-0.0798,-0.0924,orderly
PYPL,2024-10-29,premarket,1.2,1.079,11.21,False,83.59,80.28,-0.0396,0.077,0.51,-3210400.0,19.427938963001512,-0.0128,0.0762,0.0784,orderly
ABBV,2024-10-30,premarket,3.0,2.922,2.67,False,189.45,201.5,0.0636,0.0331,1.92,478494.0,78.1330504819355,-0.0015,-0.1546,-0.0922,up
BKNG,2024-10-30,postmarket,83.89,77.942,7.63,False,4463.93,4676.25,0.0476,0.0452,1.05,-113886.0,24.80942259041025,0.0523,0.063,0.1172,up
CAT,2024-10-30,premarket,5.17,5.33,-3.0,False,387.51,379.24,-0.0213,0.0413,0.52,-224068.0,34.442718904162156,0.0993,0.0206,0.0709,orderly
COIN,2024-10-30,postmarket,0.62,0.394,57.36,False,211.74,179.25,-0.1534,0.0742,2.07,-22197510.0,55.8929530483411,0.4258,0.5556,0.687,overreaction
CVNA,2024-10-30,postmarket,0.64,0.225,184.44,False,41.46,49.46,0.193,0.1115,1.73,-5263752.0,3.3830550254114318,-0.0237,-0.0277,0.0309,up
DASH,2024-10-30,postmarket,0.38,0.207,83.57,False,155.25,156.7,0.0093,0.072,0.13,-390239.0,19.20725619929812,0.0886,0.1091,0.1255,up
HOOD,2024-10-30,postmarket,0.17,0.178,-4.49,False,28.21,23.49,-0.1673,0.0961,1.74,-9158307.0,48.25880965048982,0.2499,0.3716,0.6015,overreaction
KLAC,2024-10-30,postmarket,7.33,7.028,4.3,False,691.8,666.23,-0.037,0.0781,0.47,418807.0,58.253961305189435,0.0299,-0.0319,-0.0003,orderly
LLY,2024-10-30,premarket,1.18,1.521,-22.42,False,903.58,846.83,-0.0628,0.0518,1.21,-22144839.0,37.17048795474029,-0.0832,-0.0414,-0.0608,capitulation
META,2024-10-30,postmarket,6.03,5.194,16.1,False,591.8,567.58,-0.0409,0.0745,0.55,-46818595.0,35.51247512321733,0.0425,0.0169,0.0445,orderly
MSFT,2024-10-30,postmarket,3.3,3.083,7.04,False,432.53,406.35,-0.0605,0.0396,1.53,-18134957.0,54.655275886655254,0.047,0.0505,0.0606,overreaction
SBUX,2024-10-30,postmarket,0.8,0.8,0.0,False,97.32,97.7,0.0039,0.0465,0.08,29141.0,42.551194948311455,-0.0162,0.0157,0.039,up
AAPL,2024-10-31,postmarket,1.64,1.49,10.07,False,225.91,222.91,-0.0133,0.0327,0.41,4363248.0,43.72919732300059,0.0182,0.0094,0.0886,orderly
AMZN,2024-10-31,postmarket,1.43,1.144,25.0,False,186.4,197.93,0.0619,0.058,1.07,19226624.0,25.171444972915687,0.0518,0.0236,0.0784,up
BMY,2024-10-31,premarket,1.8,1.487,21.05,False,52.66,55.77,0.0591,0.0362,1.63,3036220.0,59.23558730730414,-0.019,0.049,0.0748,up
CMCSA,2024-10-31,premarket,1.12,1.06,5.66,False,42.24,43.67,0.0339,0.0453,0.75,-1144549.0,44.235114131776214,0.0119,-0.0044,-0.0087,up
COP,2024-10-31,premarket,1.78,1.677,6.14,False,102.98,109.54,0.0637,0.0243,2.62,133245.0,49.52094818431506,0.0261,0.0309,-0.031,up
INTC,2024-10-31,postmarket,-0.63,-0.027,-2233.33,False,21.52,23.2,0.0781,0.0944,0.83,-837355.0,48.722916417434575,0.1293,0.0496,-0.0315,up
MA,2024-10-31,premarket,3.89,3.731,4.26,False,513.69,499.59,-0.0274,0.0246,1.12,-1893432.0,56.57968690183641,0.0366,0.0417,0.0636,overreaction
MO,2024-10-31,premarket,1.38,1.36,1.47,False,50.5,54.46,0.0784,0.0262,3.0,715828.0,69.79463963329636,-0.0169,0.0171,0.0499,up
MRK,2024-10-31,premarket,1.57,1.504,4.39,False,104.83,102.32,-0.0239,0.0415,0.58,1756541.0,67.20656035984594,-0.0112,-0.0387,-0.0167,orderly
UBER,2024-10-31,premarket,1.2,0.41,192.68,False,79.43,72.05,-0.0929,0.0578,1.61,-3461791.0,25.96137620859397,0.015,-0.0085,0.0142,overreaction
CVX,2024-11-01,premarket,2.51,2.47,1.62,False,148.82,153.07,0.0286,0.0197,1.45,1204768.0,65.7600245483915,0.0252,0.0546,0.0578,up
CEG,2024-11-04,premarket,2.74,2.723,0.62,False,258.1,225.95,-0.1246,0.0793,1.57,3399218.0,59.484240456939546,0.0501,0.0192,0.125,overreaction
PLTR,2024-11-04,postmarket,0.06,0.091,-34.07,False,41.41,51.13,0.2347,0.1141,2.06,36894037.0,30.542661996972743,0.1705,0.2318,0.4056,up
DVN,2024-11-05,postmarket,1.1,1.059,3.87,False,39.34,40.02,0.0173,0.0437,0.4,557698.0,48.27846564395757,-0.0227,-0.043,-0.1257,up
MCHP,2024-11-05,postmarket,0.38,0.434,-12.44,False,75.09,73.75,-0.0178,0.0707,0.25,-1101659.0,21.27292678753715,-0.0971,-0.117,-0.1961,orderly
AEP,2024-11-06,premarket,1.85,1.783,3.76,False,100.4,96.25,-0.0413,0.0377,1.1,-237548.0,38.42072578764975,-0.0303,0.0057,-0.0042,overreaction
APA,2024-11-06,postmarket,1.0,1.029,-2.82,False,24.73,21.93,-0.1132,0.0495,2.29,309297.0,63.348317543738304,0.0306,0.0233,0.0146,overreaction
APP,2024-11-06,postmarket,1.25,0.948,31.86,False,168.55,246.53,0.4627,0.1067,4.34,1167917.0,30.400033773938443,0.154,0.2909,0.3894,up
COHR,2024-11-06,postmarket,0.58,0.628,-7.64,False,99.43,109.45,0.1008,0.0953,1.06,-371614.0,17.864581900942007,-0.0862,-0.0341,-0.0503,up
CVS,2024-11-06,premarket,1.09,1.27,-14.17,False,55.34,61.61,0.1133,0.069,1.64,487809.0,21.61305765424239,-0.1191,-0.0776,-0.1026,up
QCOM,2024-11-06,postmarket,2.26,2.558,-11.65,False,172.99,172.91,-0.0005,0.0676,0.01,-3189603.0,47.698464841584844,-0.0517,-0.1009,-0.0704,orderly
ABNB,2024-11-07,postmarket,2.13,2.168,-1.75,False,147.37,134.61,-0.0866,0.0802,1.08,-3254114.0,2.351993034728478,-0.0157,0.0203,0.0274,overreaction
AKAM,2024-11-07,postmarket,1.05,1.589,-33.92,False,104.4,89.37,-0.144,0.0801,1.8,-1362510.0,27.65347810252793,-0.0217,0.0395,0.1053,capitulation
ANET,2024-11-07,postmarket,0.57,2.085,-72.66,False,107.75,100.11,-0.0709,0.0695,1.02,-1886180.0,20.926466266671266,-0.0651,0.0151,0.0466,capitulation
BDX,2024-11-07,premarket,3.81,3.768,1.11,False,240.06,227.11,-0.0539,0.0423,1.28,-31163.0,19.490790300152906,0.0003,-0.0073,-0.0181,overreaction
DDOG,2024-11-07,premarket,0.15,0.388,-61.34,False,128.35,129.79,0.0112,0.0798,0.14,511622.0,1.6344225197814035,0.0126,0.1084,0.2419,up
FTNT,2024-11-07,postmarket,0.56,0.514,8.95,False,83.68,92.04,0.0999,0.0823,1.21,2477636.0,18.383707161718053,0.0235,0.0079,0.0553,up
HAL,2024-11-07,premarket,0.73,0.754,-3.18,False,30.5,29.55,-0.0311,0.0353,0.88,-170625.0,30.19032113460353,0.019,0.0785,-0.0159,orderly
MNST,2024-11-07,postmarket,0.4,0.424,-5.66,False,54.73,54.14,-0.0108,0.0502,0.21,505799.0,25.590284325027213,-0.0395,-0.0015,-0.0209,orderly
MRNA,2024-11-07,premarket,0.03,-1.906,101.57,True,51.81,50.28,-0.0295,0.1144,0.26,863270.0,54.25434266583731,-0.209,-0.2393,-0.0921,other
HD,2024-11-12,premarket,3.78,3.643,3.76,False,408.29,403.08,-0.0128,0.0299,0.43,-4499206.0,26.51706689927927,0.0092,0.0656,0.0281,orderly
OXY,2024-11-12,postmarket,1.0,0.798,25.31,False,50.29,51.12,0.0165,0.0443,0.37,1355807.0,60.4609402617624,-0.0041,-0.0156,-0.0681,up
CSCO,2024-11-13,postmarket,0.75,0.869,-13.69,False,59.18,57.92,-0.0213,0.0484,0.44,390538.0,9.202495582450467,-0.0062,0.0223,0.0074,orderly
AMAT,2024-11-14,postmarket,2.32,2.177,6.57,False,186.0,168.88,-0.092,0.0488,1.89,-2348376.0,21.737686847626332,0.0355,0.0852,0.0086,overreaction
DIS,2024-11-14,premarket,1.14,1.091,4.49,False,102.72,109.12,0.0623,0.0573,1.09,14679937.0,19.64275781543367,0.0513,0.0765,0.0274,up
MDT,2024-11-19,premarket,1.26,1.245,1.2,False,87.59,85.0,-0.0296,0.0324,0.91,158368.0,33.52462808139268,0.008,0.0038,-0.0589,orderly
NVDA,2024-11-20,postmarket,0.78,0.745,4.7,False,145.89,146.67,0.0053,0.0746,0.07,114503056.0,21.84393621473333,-0.0574,-0.0288,-0.0477,up
PANW,2024-11-20,postmarket,0.41,1.48,-72.3,False,196.45,198.85,0.0122,0.0686,0.18,1541888.0,14.138594258893615,-0.0248,0.0206,-0.0535,up
TGT,2024-11-20,premarket,1.85,2.29,-19.21,False,156.0,121.72,-0.2197,0.0736,2.98,-27240346.0,34.86147266301075,0.0688,0.0612,0.0802,overreaction
CPRT,2024-11-21,postmarket,0.37,0.367,0.82,False,56.9,62.7,0.1019,0.0583,1.75,307954.0,23.23509004436912,-0.0108,-0.0148,-0.0573,up
INTU,2024-11-21,postmarket,1.07,2.357,-54.6,False,678.7,640.12,-0.0568,0.0498,1.14,-2882392.0,15.637963677088,-0.0095,0.0101,0.0081,capitulation
ADI,2024-11-26,premarket,1.67,1.635,2.14,False,223.58,219.05,-0.0203,0.0432,0.47,-558381.0,21.43713237350782,-0.0034,-0.0088,-0.0094,orderly
CRWD,2024-11-26,postmarket,0.08,0.808,-90.1,False,91.07,86.9,-0.0458,0.0685,0.67,-14446707.0,15.147471349359014,0.0496,0.0514,0.0049,miss
DELL,2024-11-26,postmarket,1.92,2.062,-6.89,False,141.74,124.38,-0.1225,0.0774,1.58,-6964777.0,21.06566892932303,0.0055,-0.0418,-0.0769,overreaction
HPQ,2024-11-26,postmarket,0.93,0.935,-0.53,False,39.1,34.66,-0.1136,0.0654,1.74,-1138237.0,26.394778148842263,0.0436,0.0092,-0.0586,overreaction
CRM,2024-12-03,postmarket,1.86,2.429,-23.43,False,331.43,367.87,0.1099,0.0629,1.75,12314440.0,19.585774706690373,-0.0354,-0.0833,-0.1015,up
MRVL,2024-12-03,postmarket,0.26,0.402,-35.32,False,95.91,118.15,0.2319,0.0791,2.93,17362352.0,17.710101494985167,-0.0575,-0.1089,0.0073,up
HPE,2024-12-05,postmarket,0.53,0.553,-4.16,False,21.65,23.95,0.1062,0.0707,1.5,-435397.0,21.458406026003622,-0.0885,-0.0977,-0.0802,up
LULU,2024-12-05,postmarket,2.87,2.687,6.81,False,344.81,399.6,0.1589,0.0769,2.07,12212186.0,26.434694677077793,-0.0199,-0.0505,-0.0167,up
ORCL,2024-12-09,postmarket,1.15,1.475,-22.03,False,190.45,177.74,-0.0667,0.0777,0.86,-4750057.0,20.065362201845343,-0.0452,-0.0356,-0.134,miss
ADBE,2024-12-11,postmarket,4.07,4.665,-12.75,False,549.93,474.63,-0.1369,0.0652,2.1,-31793409.0,8.571392651927368,-0.0785,-0.0593,-0.1208,overreaction
AVGO,2024-12-12,postmarket,1.42,1.388,2.31,False,180.66,224.8,0.2443,0.0638,3.83,172677911.0,35.401793122194235,-0.0178,0.048,0.0205,up
CIEN,2024-12-12,premarket,0.32,0.659,-51.44,False,73.21,84.52,0.1545,0.0864,1.79,782107.0,24.142823908310664,0.015,0.0253,0.014,up
COST,2024-12-12,postmarket,3.82,3.786,0.9,False,988.39,989.35,0.001,0.0276,0.04,-5493084.0,29.50630096511135,-0.0357,-0.0679,-0.0703,up
GIS,2024-12-18,premarket,1.4,1.221,14.66,False,65.93,63.91,-0.0306,0.0345,0.89,14473.0,51.311345510308804,-0.0023,-0.0005,-0.0718,orderly
MU,2024-12-18,postmarket,1.62,1.749,-7.38,False,103.9,87.09,-0.1618,0.1086,1.49,-25653087.0,41.881477589994184,0.0177,0.1397,0.2038,overreaction
ACN,2024-12-19,premarket,3.59,3.38,6.21,False,347.61,372.16,0.0706,0.0495,1.43,1893636.0,33.91425391831778,-0.0429,-0.056,-0.0239,up
NKE,2024-12-19,postmarket,0.78,0.631,23.61,False,77.1,76.94,-0.0021,0.0997,0.02,3210648.0,22.693238872252444,-0.0298,-0.063,-0.0438,orderly
CCL,2024-12-20,premarket,0.14,0.076,84.21,False,25.18,26.8,0.0643,0.0634,1.02,452494.0,10.513757496496941,-0.0653,-0.1104,-0.0515,up
DAL,2025-01-10,premarket,1.85,1.758,5.23,False,61.42,66.95,0.09,0.0491,1.84,4194319.0,42.62576242768335,-0.0169,0.0122,-0.0329,up
C,2025-01-15,premarket,1.34,1.249,7.29,False,73.5,78.27,0.0649,0.0343,1.89,12093127.0,17.57401303675059,0.0474,0.0459,0.081,up
GS,2025-01-15,premarket,11.95,7.99,49.56,False,571.53,605.92,0.0602,0.0334,1.8,5951216.0,31.104075059043726,0.0554,0.0657,0.0902,up
JPM,2025-01-15,premarket,4.81,4.025,19.5,False,247.47,252.35,0.0197,0.0309,0.64,3639243.0,31.213240880846346,0.0539,0.0629,0.0961,up
BAC,2025-01-16,premarket,0.82,0.773,6.08,False,47.1,46.64,-0.0098,0.029,0.34,-1605840.0,15.836901009643396,-0.0026,-0.0073,-0.0024,orderly
MS,2025-01-16,premarket,2.22,1.648,34.71,False,130.55,135.81,0.0403,0.0318,1.27,2076839.0,21.707824676500223,0.0148,0.0193,0.0361,up
UNH,2025-01-16,premarket,6.81,6.708,1.52,False,543.42,510.59,-0.0604,0.0379,1.6,-1265043.0,34.87781196313456,0.0429,0.0625,-0.0193,overreaction
SLB,2025-01-17,premarket,0.92,0.902,2.0,False,41.09,43.58,0.0606,0.0313,1.93,1813378.0,31.14520690142284,-0.0239,-0.0785,-0.0321,up
COF,2025-01-21,postmarket,3.09,2.661,16.12,False,193.21,200.93,0.04,0.0444,0.9,571009.0,18.078968784214116,0.0148,0.0142,-0.0036,up
IBKR,2025-01-21,postmarket,2.03,1.855,9.43,False,48.21,52.45,0.0879,0.0684,1.29,-657078.0,33.88378088428075,0.0069,0.1127,0.0425,up
NFLX,2025-01-21,postmarket,4.27,4.187,1.98,False,86.97,95.4,0.0969,0.0705,1.38,9763778.0,14.702543450205,0.0254,0.0599,0.0516,up
SCHW,2025-01-21,premarket,1.01,0.901,12.1,False,76.41,80.93,0.0592,0.0503,1.18,5967313.0,12.997675625931045,0.0095,0.0108,0.0111,up
APH,2025-01-22,premarket,0.55,0.501,9.78,False,72.72,77.84,0.0704,0.0738,0.95,-911560.0,29.770529623338685,-0.1087,-0.1069,-0.1318,up
GEV,2025-01-22,premarket,1.73,2.32,-25.43,False,416.0,427.1,0.0267,0.0575,0.46,4282214.0,39.28128387461818,-0.1729,-0.1385,-0.2323,up
HAL,2025-01-22,premarket,0.7,0.699,0.14,False,29.53,28.48,-0.0356,0.036,0.99,-91920.0,23.35226059625771,-0.0741,-0.0769,-0.0779,orderly
JNJ,2025-01-22,premarket,2.04,2.003,1.85,False,148.15,145.27,-0.0194,0.0207,0.94,-1563537.0,32.000541971650385,0.0405,0.0648,0.1172,orderly
KMI,2025-01-22,postmarket,0.32,0.333,-3.9,False,30.78,30.48,-0.0097,0.0346,0.28,-713756.0,62.555181808494694,-0.0781,-0.1214,-0.1316,orderly
PG,2025-01-22,premarket,1.88,1.863,0.91,False,161.72,164.74,0.0187,0.0296,0.63,444695.0,40.691612155933655,0.009,0.0259,0.0333,up
FCX,2025-01-23,premarket,0.31,0.235,31.91,False,39.09,38.5,-0.0151,0.0359,0.42,7801531.0,21.724652319450463,-0.0483,-0.0351,-0.0361,orderly
GE,2025-01-23,premarket,1.32,1.026,28.65,False,188.36,200.8,0.066,0.0508,1.3,-3457045.0,13.223836458428712,0.0238,0.0262,-0.0104,up
TXN,2025-01-23,postmarket,1.3,1.186,9.61,False,200.61,185.52,-0.0752,0.0404,1.86,-1719028.0,30.6050094799099,-0.0049,-0.0298,0.0779,overreaction
AXP,2025-01-24,premarket,3.04,3.029,0.36,False,325.87,321.34,-0.0139,0.0342,0.41,-2680523.0,17.014377605094293,-0.0121,-0.0142,-0.0871,orderly
T,2025-01-27,premarket,0.54,0.484,11.57,False,22.72,24.14,0.0625,0.0363,1.72,485712.0,14.619832766955279,0.0046,0.0298,0.1007,up
BA,2025-01-28,premarket,-5.9,-3.221,-83.17,False,175.16,177.78,0.015,0.0403,0.37,15643500.0,24.991767306489578,-0.0087,0.015,-0.0222,up
GM,2025-01-28,premarket,1.92,1.787,7.44,False,54.92,50.04,-0.0889,0.0556,1.6,-1604229.0,50.75006686252622,-0.0294,-0.0667,-0.0482,overreaction
NEE,2025-01-28,premarket,0.53,0.507,4.54,False,73.83,70.54,-0.0446,0.0288,1.55,182026.0,49.14085991158948,-0.0091,-0.003,-0.0164,overreaction
SBUX,2025-01-28,postmarket,0.69,0.656,5.18,False,100.41,108.58,0.0814,0.058,1.4,5409473.0,26.619876155511772,0.0338,0.0411,0.0666,up
GLW,2025-01-29,premarket,0.57,0.561,1.6,False,51.23,49.8,-0.0279,0.0519,0.54,-125325.0,66.6610107064405,0.0701,0.0444,0.007,orderly
IBM,2025-01-29,postmarket,3.92,3.728,5.15,False,228.63,258.27,0.1296,0.0571,2.27,14335335.0,50.75133828477809,-0.0187,0.0036,-0.0313,up
LRCX,2025-01-29,postmarket,0.91,0.873,4.24,False,75.15,80.73,0.0743,0.0574,1.29,2712720.0,47.10666093155384,0.026,0.0318,-0.0613,up
META,2025-01-29,postmarket,8.02,6.682,20.02,False,676.49,687.0,0.0155,0.0634,0.25,34230853.0,20.0437629385773,0.0364,0.0605,-0.0465,up
MSFT,2025-01-29,postmarket,3.23,3.111,3.83,False,442.33,414.99,-0.0618,0.0359,1.72,-65196714.0,34.7417218475738,0.002,-0.0107,-0.0639,overreaction
NOW,2025-01-29,postmarket,1.93,3.577,-46.04,False,228.73,202.55,-0.1145,0.0603,1.9,-925152.0,43.945852789203485,0.0104,-0.023,-0.1012,capitulation
TSLA,2025-01-29,postmarket,0.66,0.753,-12.35,False,389.1,400.28,0.0287,0.0786,0.37,113537663.0,41.690671147705636,-0.0649,-0.1108,-0.2889,up
AAPL,2025-01-30,postmarket,2.4,2.355,1.91,False,237.59,236.0,-0.0067,0.0352,0.19,-18005155.0,42.17434738972995,-0.0355,0.0364,-0.0003,orderly
BX,2025-01-30,premarket,1.69,1.46,15.75,False,185.38,177.78,-0.041,0.0344,1.19,-3848029.0,38.05612112503372,-0.0182,-0.0973,-0.1083,overreaction
CAT,2025-01-30,premarket,5.14,4.967,3.48,False,393.23,374.98,-0.0464,0.0349,1.33,-294980.0,16.11046042522427,-0.0254,-0.0567,-0.1145,overreaction
CMCSA,2025-01-30,premarket,0.96,0.876,9.59,False,37.36,33.25,-0.11,0.0425,2.59,-340601.0,31.178503961930506,0.0367,0.0641,0.0821,overreaction
DOW,2025-01-30,premarket,0.0,0.227,-100.0,False,41.05,38.55,-0.0609,0.0302,2.02,-461198.0,94.05019159022471,0.0057,-0.0054,-0.0646,capitulation
INTC,2025-01-30,postmarket,-0.02,0.117,-117.09,True,20.01,19.43,-0.029,0.0915,0.32,4260226.0,42.62354842047033,-0.017,0.2146,0.0978,other
KLAC,2025-01-30,postmarket,8.2,7.73,6.08,False,742.43,738.24,-0.0056,0.0705,0.08,-505986.0,24.366857249830833,0.0128,0.0169,-0.0532,orderly
MA,2025-01-30,premarket,3.82,3.684,3.69,False,548.8,566.01,0.0314,0.0283,1.11,3915879.0,25.083514948065538,0.002,0.0005,0.0157,up
MO,2025-01-30,premarket,1.29,1.266,1.9,False,52.66,51.54,-0.0213,0.0333,0.64,7702355.0,50.38932660312353,0.0213,0.0404,0.112,orderly
ABBV,2025-01-31,premarket,2.16,2.133,1.27,False,175.65,183.9,0.047,0.0369,1.27,2890491.0,28.604524071825683,0.0364,0.0488,0.1297,up
CVX,2025-01-31,premarket,2.06,2.191,-5.98,False,156.32,149.19,-0.0456,0.0221,2.07,-3999092.0,36.57747109893184,0.023,0.0412,0.0188,overreaction
PLTR,2025-02-03,postmarket,-0.01,0.111,-109.01,True,83.74,103.83,0.2399,0.1186,2.02,162853482.0,53.24521925079367,0.0847,0.0793,-0.2251,up
AMD,2025-02-04,postmarket,0.88,1.067,-17.53,False,119.5,112.01,-0.0627,0.0749,0.84,30760440.0,21.147874231231594,-0.0026,0.0193,-0.1045,orderly
CMG,2025-02-04,postmarket,0.25,0.243,2.88,False,59.02,57.51,-0.0256,0.0693,0.37,-4032608.0,36.25451914198845,-0.0038,-0.0776,-0.1266,orderly
GOOGL,2025-02-04,postmarket,2.15,2.119,1.46,False,206.38,191.33,-0.0729,0.0559,1.3,-20588008.0,33.065315648686436,-0.0403,-0.0354,-0.0913,overreaction
MRK,2025-02-04,premarket,1.72,1.694,1.53,False,99.79,90.74,-0.0907,0.0429,2.11,-638342.0,52.190076200763734,-0.0463,-0.0566,0.0359,overreaction
PEP,2025-02-04,premarket,1.96,1.945,0.77,False,150.27,143.49,-0.0451,0.027,1.67,-1359136.0,65.45007330652147,0.015,0.0162,0.0775,overreaction
PFE,2025-02-04,premarket,0.63,0.481,30.98,False,26.2,25.87,-0.0126,0.0355,0.35,-49846.0,34.85400796746252,-0.0131,0.0008,0.0143,orderly
PYPL,2025-02-04,premarket,1.19,1.127,5.59,False,89.51,77.72,-0.1317,0.0694,1.9,-17995665.0,33.948077744407094,-0.0195,0.0082,-0.1241,overreaction
BSX,2025-02-05,premarket,0.7,0.651,7.53,False,103.54,104.97,0.0138,0.0391,0.35,-8009.0,26.291233563658874,0.0076,0.0037,-0.0556,up
COHR,2025-02-05,postmarket,0.76,0.698,8.88,False,90.1,100.46,0.115,0.1124,1.02,1215234.0,48.82933762486843,-0.1394,-0.1774,-0.3748,up
DIS,2025-02-05,premarket,1.76,1.439,22.31,False,113.3,110.54,-0.0244,0.0592,0.41,-3241491.0,16.531071612618994,-0.0119,0.0001,-0.0455,orderly
F,2025-02-05,postmarket,0.39,0.34,14.71,False,10.01,9.26,-0.0749,0.0645,1.16,2318617.0,36.897179782342896,0.0097,0.0022,0.0756,overreaction
QCOM,2025-02-05,postmarket,2.86,2.932,-2.46,False,175.86,169.32,-0.0372,0.0564,0.66,-5034498.0,19.72452424321034,0.0167,-0.023,-0.0847,orderly
UBER,2025-02-05,premarket,3.21,0.498,544.58,False,69.75,64.48,-0.0756,0.0723,1.04,-1795276.0,19.624293241001762,0.2306,0.2602,0.1828,overreaction
AMZN,2025-02-06,postmarket,1.86,1.518,22.53,False,238.83,229.15,-0.0405,0.0522,0.78,-37941585.0,23.188314227297777,-0.0021,-0.0717,-0.1421,orderly
BDX,2025-02-06,premarket,3.43,2.976,15.26,False,245.06,227.21,-0.0728,0.0458,1.59,-460309.0,17.99060159569181,-0.0097,0.001,0.0011,overreaction
BMY,2025-02-06,premarket,1.67,1.463,14.15,False,59.71,57.42,-0.0384,0.0467,0.82,-1003194.0,6.529444637524034,-0.0253,-0.0277,0.0991,orderly
COP,2025-02-06,premarket,1.98,1.898,4.32,False,100.21,99.94,-0.0027,0.0255,0.11,-348657.0,21.059579207130398,-0.0304,-0.02,-0.0704,orderly
FTNT,2025-02-06,postmarket,0.67,0.599,11.85,False,104.72,107.66,0.0281,0.0923,0.3,-19807.0,23.32745600239903,0.037,0.0096,-0.0871,up
LLY,2025-02-06,premarket,5.32,5.03,5.77,False,842.18,870.37,0.0335,0.0444,0.75,8933166.0,8.200306578389117,0.0017,0.0038,-0.0467,up
MCHP,2025-02-06,postmarket,0.13,0.281,-53.74,False,53.11,51.89,-0.023,0.06,0.38,-3115762.0,53.54712192671328,0.0746,0.1723,0.0067,miss
MCD,2025-02-10,premarket,2.83,2.835,-0.18,False,294.3,308.42,0.048,0.0307,1.56,6475828.0,27.140434810297542,-0.0116,0.0075,-0.0292,up
ON,2025-02-10,premarket,0.95,0.976,-2.66,False,51.25,47.04,-0.0821,0.0847,0.97,1994572.0,41.73402163355912,0.1044,0.0889,-0.0891,orderly
DASH,2025-02-11,postmarket,0.33,0.344,-4.07,False,193.09,200.89,0.0404,0.081,0.5,-3262537.0,15.518354211773614,0.0068,-0.0251,-0.0866,up
KO,2025-02-11,premarket,0.55,0.514,7.0,False,64.55,67.6,0.0473,0.0248,1.9,8836511.0,45.33948937826371,0.0365,0.0473,0.0299,up
SMCI,2025-02-11,postmarket,0.51,0.6,-15.0,False,38.61,39.68,0.0277,0.1799,0.15,2180100.0,32.93440455857476,0.4937,0.0824,0.0628,up
APP,2025-02-12,postmarket,1.73,1.34,29.1,False,380.32,471.67,0.2402,0.1472,1.63,9064657.0,50.564831916869636,-0.1195,-0.3094,-0.3494,up
CSCO,2025-02-12,postmarket,0.77,0.91,-15.38,False,62.53,63.84,0.0209,0.0448,0.47,-2371643.0,12.781415455624597,0.0022,0.0042,-0.0462,up
CVS,2025-02-12,premarket,1.19,0.891,33.56,False,55.0,63.22,0.1495,0.069,2.17,7344723.0,25.350454516823127,0.0296,0.0199,0.0389,up
HOOD,2025-02-12,postmarket,0.54,0.417,29.5,False,55.91,63.8,0.1411,0.1069,1.32,18838939.0,26.861503920759397,-0.1912,-0.2147,-0.3414,up
ABNB,2025-02-13,postmarket,0.73,0.587,24.36,False,141.04,161.42,0.1445,0.0767,1.89,10284262.0,11.458171216816808,-0.1028,-0.1266,-0.2283,up
AEP,2025-02-13,premarket,1.24,1.242,-0.16,False,102.35,100.99,-0.0133,0.0299,0.44,15270.0,30.159576104613265,0.043,0.0501,0.0482,orderly
AMAT,2025-02-13,postmarket,2.38,2.279,4.43,False,184.27,169.2,-0.0818,0.0437,1.87,-814168.0,20.85555004425725,-0.0037,-0.1009,-0.0927,overreaction
COIN,2025-02-13,postmarket,3.39,1.073,215.94,False,298.11,274.31,-0.0798,0.0793,1.01,-20865125.0,7.925169740284846,-0.1722,-0.2499,-0.3397,overreaction
DDOG,2025-02-13,premarket,0.13,0.428,-69.63,False,148.09,135.89,-0.0824,0.0787,1.05,1621379.0,10.96374375518067,-0.1196,-0.1423,-0.2349,capitulation
PANW,2025-02-13,postmarket,0.43,0.779,-44.8,False,201.88,200.03,-0.0092,0.07,0.13,-5056994.0,21.0376680211102,-0.0482,-0.0817,-0.0846,miss
MRNA,2025-02-14,premarket,-2.5,-2.686,6.92,False,31.92,32.99,0.0335,0.0858,0.39,-1657927.0,51.40270156783106,0.0276,-0.0824,0.0249,up
ANET,2025-02-18,postmarket,0.59,0.574,2.79,False,111.06,103.92,-0.0643,0.0854,0.75,900330.0,30.966664512262515,-0.0726,-0.1549,-0.2016,orderly
CSGP,2025-02-18,postmarket,0.22,0.22,0.0,False,75.46,79.21,0.0497,0.0744,0.67,1319361.0,21.31957518524063,-0.0289,-0.0177,-0.0024,up
DVN,2025-02-18,postmarket,1.16,0.999,16.12,False,34.88,37.57,0.0771,0.0441,1.75,1074960.0,51.72871140999746,-0.0562,-0.1041,-0.0383,up
MDT,2025-02-18,premarket,1.39,1.357,2.43,False,92.81,86.07,-0.0726,0.0305,2.38,-760790.0,34.9160553816607,0.0512,0.0809,0.0674,overreaction
OXY,2025-02-18,postmarket,0.8,0.667,19.94,False,48.84,50.99,0.044,0.0359,1.22,2975058.0,38.172800872789026,-0.0479,-0.1075,-0.0594,up
ADI,2025-02-19,premarket,1.63,1.541,5.78,False,220.22,241.66,0.0974,0.0439,2.22,1288286.0,18.616959365993225,-0.0328,-0.0504,-0.148,up
CVNA,2025-02-19,postmarket,0.56,0.236,137.29,False,56.36,49.54,-0.121,0.1127,1.07,-16196682.0,10.7043730303348,-0.0989,-0.2457,-0.2291,overreaction
AKAM,2025-02-20,postmarket,1.19,1.519,-21.66,False,98.03,76.73,-0.2173,0.0909,2.39,3918763.0,34.06156043874106,0.0515,0.1406,0.0787,capitulation
BKNG,2025-02-20,postmarket,41.55,35.643,16.57,False,5018.23,4990.64,-0.0055,0.0548,0.1,8141415.0,46.643309440785266,0.0051,-0.0636,-0.0563,orderly
CPRT,2025-02-20,postmarket,0.4,0.377,6.1,False,58.22,56.59,-0.028,0.0456,0.61,31359.0,24.873851030771718,-0.0316,-0.0504,-0.027,orderly
NEM,2025-02-20,postmarket,1.4,0.952,47.06,False,48.09,45.33,-0.0574,0.0504,1.14,640440.0,26.16075209303789,-0.0549,-0.0322,0.0329,overreaction
FSLR,2025-02-25,postmarket,3.65,4.64,-21.34,False,147.46,156.84,0.0636,0.0771,0.83,7034040.0,34.14304266634488,-0.1654,-0.1326,-0.1928,up
HD,2025-02-25,premarket,3.13,3.041,2.93,False,382.42,393.29,0.0284,0.0385,0.74,1078152.0,27.613968300986038,-0.0295,-0.0639,-0.0792,up
INTU,2025-02-25,postmarket,2.07,2.583,-19.86,False,555.63,625.51,0.1258,0.0559,2.25,3073066.0,25.370600453114292,-0.0128,-0.0549,-0.0163,up
APA,2025-02-26,postmarket,0.79,0.967,-18.3,False,22.01,20.42,-0.0722,0.0438,1.65,-73529.0,65.61840000663072,-0.0818,-0.0676,0.0245,overreaction
CRM,2025-02-26,postmarket,2.22,2.602,-14.68,False,307.33,294.9,-0.0404,0.0745,0.54,-2255759.0,29.682474544260472,-0.03,-0.0785,-0.0845,orderly
NVDA,2025-02-26,postmarket,0.85,0.839,1.31,False,131.28,120.15,-0.0848,0.0767,1.11,-32260810.0,48.99953727223451,-0.0797,-0.038,-0.0872,overreaction
DELL,2025-02-27,postmarket,2.42,2.532,-4.42,False,107.83,102.76,-0.047,0.0772,0.61,3501495.0,27.00043267766597,-0.11,-0.069,-0.113,orderly
EIX,2025-02-27,postmarket,1.05,1.08,-2.78,False,51.34,54.44,0.0604,0.0869,0.69,808833.0,47.44323623291672,0.036,0.047,0.0823,up
HPQ,2025-02-27,postmarket,0.74,0.75,-1.33,False,33.13,30.87,-0.0682,0.0594,1.15,-266880.0,24.636727274009907,-0.0107,-0.0797,-0.103,overreaction
MNST,2025-02-27,postmarket,0.38,0.398,-4.52,False,51.92,54.65,0.0526,0.0585,0.9,-290647.0,31.08622853210486,0.0077,0.0081,0.0708,up
CRWD,2025-03-04,postmarket,-0.05,0.85,-105.88,True,97.54,91.36,-0.0634,0.0763,0.83,-12901205.0,32.52869071355108,-0.0511,0.0264,-0.0494,other
TGT,2025-03-04,premarket,2.41,2.251,7.06,False,120.76,117.14,-0.03,0.0736,0.41,1184658.0,35.21967025308875,-0.0374,-0.1071,-0.0971,orderly
MRVL,2025-03-05,postmarket,0.46,0.594,-22.56,False,90.14,72.28,-0.1981,0.0981,2.02,14242745.0,67.89382395694089,-0.0487,-0.0248,-0.3161,capitulation
AVGO,2025-03-06,postmarket,1.6,1.504,6.38,False,179.45,194.96,0.0864,0.0776,1.11,19516904.0,52.22369326518692,0.003,-0.0169,-0.2094,up
COST,2025-03-06,postmarket,4.02,4.086,-1.62,False,1026.62,964.31,-0.0607,0.035,1.74,-21150453.0,62.47709129877571,-0.0626,-0.0571,-0.0583,overreaction
HPE,2025-03-06,postmarket,0.39,0.502,-22.31,False,17.96,15.81,-0.1197,0.0734,1.63,-70108.0,38.76634457807285,-0.012,0.0152,-0.1569,capitulation
ORCL,2025-03-10,postmarket,1.18,1.482,-20.38,False,148.79,144.18,-0.031,0.0896,0.35,803739.0,60.27161020760085,0.0366,0.0676,-0.0311,miss
CIEN,2025-03-11,premarket,0.38,0.391,-2.81,False,65.53,63.95,-0.0241,0.1265,0.19,-242684.0,50.482735243709314,0.0059,0.0855,-0.0306,orderly
ADBE,2025-03-12,postmarket,4.28,4.972,-13.92,False,438.6,377.84,-0.1385,0.0683,2.03,-3424448.0,44.19898761170532,0.0312,0.0485,-0.0671,overreaction
GIS,2025-03-19,premarket,1.0,0.949,5.37,False,60.44,59.2,-0.0205,0.0432,0.47,-34707.0,48.105446356142764,-0.0022,-0.0002,-0.0285,orderly
ACN,2025-03-20,premarket,2.82,2.835,-0.53,False,324.47,300.91,-0.0726,0.0543,1.34,3438720.0,30.93310452117649,0.0253,0.0018,-0.072,overreaction
MU,2025-03-20,postmarket,1.41,1.434,-1.67,False,103.0,94.72,-0.0804,0.0888,0.9,-12214771.0,26.766949290524433,-0.0663,-0.3167,-0.2588,orderly
NKE,2025-03-20,postmarket,0.54,0.279,93.55,False,71.86,67.94,-0.0546,0.0668,0.82,-1221369.0,27.325054115378286,-0.0684,-0.1573,-0.1601,orderly
CCL,2025-03-21,premarket,0.13,0.02,550.0,False,21.2,20.94,-0.0123,0.0541,0.23,-1382446.0,34.19017763283061,-0.0511,-0.212,-0.1414,orderly
LULU,2025-03-27,postmarket,6.14,5.853,4.9,False,341.53,293.06,-0.1419,0.0738,1.92,-13211623.0,36.71001870305836,-0.1002,-0.1093,-0.0744,overreaction
DAL,2025-04-09,premarket,0.46,0.391,17.65,False,35.88,44.27,0.2338,0.0999,2.34,3132069.0,53.795557216921125,-0.0831,-0.0508,0.0919,up
JPM,2025-04-11,premarket,5.07,4.623,9.67,False,227.11,236.2,0.04,0.0463,0.86,-4957130.0,62.03836774851422,-0.0305,0.0297,0.1135,up
MS,2025-04-11,premarket,2.6,2.226,16.8,False,106.58,108.12,0.0144,0.05,0.29,-1599275.0,65.13492426143586,-0.0168,0.0713,0.1964,up
GS,2025-04-14,premarket,14.12,12.707,11.12,False,494.44,503.98,0.0193,0.0613,0.31,3791954.0,48.999033190212046,0.0318,0.0892,0.2135,up
BAC,2025-04-15,premarket,0.9,0.807,11.52,False,36.67,37.99,0.036,0.0398,0.91,-8731513.0,34.978991573579094,0.02,0.0497,0.1682,up
C,2025-04-15,premarket,1.96,1.839,6.58,False,63.22,64.33,0.0176,0.0417,0.42,752588.0,36.30319150214677,0.0306,0.063,0.1808,up
IBKR,2025-04-15,postmarket,0.47,1.92,-75.52,False,43.36,39.48,-0.0895,0.0569,1.57,-2967270.0,51.29565919596542,0.0704,0.1041,0.3245,capitulation
JNJ,2025-04-15,premarket,2.77,2.567,7.91,False,154.36,153.62,-0.0048,0.0229,0.21,92594.0,30.152978391285995,0.0115,0.0175,-0.0261,orderly
KMI,2025-04-16,postmarket,0.34,0.345,-1.45,False,26.95,27.1,0.0056,0.0316,0.18,-154345.0,53.8584719147,-0.0092,-0.01,0.0332,up
AXP,2025-04-17,premarket,3.64,3.458,5.26,False,252.92,251.31,-0.0064,0.0399,0.16,-2010077.0,37.03722978179376,0.0537,0.1016,0.191,orderly
BX,2025-04-17,premarket,1.09,1.038,5.01,False,129.38,130.39,0.0078,0.0357,0.22,-463348.0,38.77874347230268,0.0189,0.0539,0.1155,up
NFLX,2025-04-17,postmarket,6.61,5.686,16.25,False,97.3,98.79,0.0153,0.0737,0.21,14899181.0,42.781339884253825,0.124,0.148,0.2066,up
SCHW,2025-04-17,premarket,1.04,0.998,4.21,False,75.7,76.15,0.0059,0.0434,0.14,-47115.0,28.445755674044054,0.0498,0.0914,0.1718,up
UNH,2025-04-17,premarket,7.2,7.271,-0.98,False,585.04,454.11,-0.2238,0.0344,6.51,-15694916.0,70.79150508279096,-0.0781,-0.1193,-0.3044,overreaction
COF,2025-04-22,postmarket,4.06,3.665,10.78,False,170.2,176.46,0.0368,0.0617,0.6,576459.0,37.78867681047919,0.0215,0.0572,0.0686,up
GE,2025-04-22,premarket,1.49,1.264,17.88,False,178.35,189.18,0.0607,0.0558,1.09,817388.0,26.809952824329066,0.0598,0.1027,0.2345,up
HAL,2025-04-22,premarket,0.6,0.598,0.33,False,21.92,20.7,-0.0557,0.0528,1.05,260704.0,35.6397420192017,-0.0092,-0.0609,-0.0386,overreaction
TSLA,2025-04-22,postmarket,0.15,0.437,-65.68,False,237.97,250.74,0.0537,0.0943,0.57,97867106.0,42.182582963026306,0.1253,0.1016,0.3601,up
APH,2025-04-23,premarket,0.63,0.522,20.69,False,65.75,71.15,0.0821,0.0808,1.02,-426551.0,43.84677014006883,0.0815,0.1362,0.1983,up
BA,2025-04-23,premarket,-0.49,-1.54,68.18,False,162.52,172.37,0.0606,0.0506,1.2,-10972711.0,30.567901986988925,0.0631,0.0765,0.1801,up
BSX,2025-04-23,premarket,0.75,0.668,12.28,False,95.05,98.92,0.0407,0.0539,0.76,-528126.0,29.835771703173265,0.0399,0.0594,0.0564,up
CMG,2025-04-23,postmarket,0.29,0.275,5.45,False,48.76,49.54,0.016,0.0699,0.23,1645366.0,44.06420710317152,0.0157,0.0386,0.022,up
GEV,2025-04-23,premarket,0.91,0.447,103.58,False,326.07,336.09,0.0307,0.0708,0.43,274662.0,32.93685124033009,0.1033,0.2104,0.3652,up
IBM,2025-04-23,postmarket,1.6,1.42,12.68,False,245.48,229.33,-0.0658,0.0591,1.11,-1986493.0,29.449466536958255,0.045,0.1082,0.1278,overreaction
LRCX,2025-04-23,postmarket,1.04,1.002,3.79,False,66.73,70.9,0.0625,0.0542,1.15,800342.0,30.021322074044736,0.0117,0.0564,0.1433,up
NEE,2025-04-23,premarket,0.99,0.968,2.27,False,66.64,67.27,0.0095,0.0417,0.23,-636600.0,30.708794939117908,-0.0058,0.0013,-0.0049,up
NEM,2025-04-23,postmarket,1.25,0.84,48.81,False,53.15,55.7,0.048,0.0541,0.89,1963081.0,24.777716459428746,-0.0756,-0.0515,-0.0368,up
NOW,2025-04-23,postmarket,2.31,3.786,-38.99,False,162.54,187.71,0.1549,0.0702,2.21,6820247.0,32.67187660379486,0.0207,0.0383,0.0701,up
T,2025-04-23,premarket,0.51,0.523,-2.49,False,26.96,27.19,0.0085,0.0419,0.2,-134438.0,47.086279426508966,0.0188,0.0335,0.0015,up
TXN,2025-04-23,postmarket,1.28,1.058,20.98,False,152.15,162.13,0.0656,0.0481,1.36,-288841.0,31.796136729556437,-0.0239,0.0216,0.0874,up
BMY,2025-04-24,premarket,1.8,1.506,19.52,False,48.53,48.69,0.0033,0.0436,0.08,4138895.0,31.195376939435235,0.0189,-0.0372,-0.0378,up
CMCSA,2025-04-24,premarket,1.09,0.979,11.34,False,34.47,33.19,-0.0371,0.0491,0.76,4511119.0,27.188009638902557,0.019,0.031,0.0401,orderly
DOW,2025-04-24,premarket,0.02,-0.016,225.0,True,29.0,29.76,0.0262,0.0496,0.53,-233675.0,41.907450783094134,0.0259,-0.0175,-0.0484,up
FCX,2025-04-24,premarket,0.24,0.24,0.0,False,35.19,37.63,0.0693,0.0407,1.7,963130.0,27.159255981601156,-0.0324,-0.004,0.0369,up
GOOGL,2025-04-24,postmarket,2.81,2.022,38.97,False,159.28,161.96,0.0168,0.0515,0.33,12447705.0,31.93369681104395,0.0128,-0.0569,0.0675,up
INTC,2025-04-24,postmarket,-0.02,0.006,-433.33,True,21.49,20.05,-0.067,0.0667,1.01,1898306.0,34.670648276120154,0.0284,0.0683,0.0249,other
MRK,2025-04-24,premarket,2.22,2.154,3.06,False,78.74,79.84,0.014,0.0472,0.3,8884863.0,42.55845742015433,0.0428,-0.0274,-0.0283,up
PEP,2025-04-24,premarket,1.48,1.502,-1.46,False,142.26,135.31,-0.0489,0.0301,1.63,-3660045.0,39.66623748968831,-0.013,-0.0287,-0.0441,overreaction
PG,2025-04-24,premarket,1.54,1.535,0.33,False,165.73,159.53,-0.0374,0.0298,1.26,4251612.0,48.60622355903885,0.0028,-0.0055,0.0397,overreaction
ABBV,2025-04-25,premarket,2.46,2.39,2.93,False,180.37,186.06,0.0315,0.0408,0.77,426942.0,31.084843533547488,0.0667,-0.0078,-0.0018,up
SLB,2025-04-25,premarket,0.72,0.742,-2.96,False,34.93,34.52,-0.0117,0.0325,0.36,990111.0,34.49332278693048,0.0061,0.0009,-0.0171,orderly
BKNG,2025-04-29,postmarket,24.81,17.2,44.24,False,4909.23,5099.28,0.0387,0.0488,0.79,-5254654.0,25.20546582110018,0.019,0.023,0.0823,up
CSGP,2025-04-29,postmarket,0.08,0.113,-29.2,False,82.7,74.17,-0.1031,0.0743,1.39,75188.0,36.690156294444,0.0158,0.0205,-0.0082,capitulation
EIX,2025-04-29,postmarket,1.37,1.207,13.5,False,58.73,53.51,-0.0889,0.0521,1.71,632682.0,48.959412270613626,0.0419,0.0536,0.04,overreaction
FSLR,2025-04-29,postmarket,1.95,2.495,-21.84,False,137.24,125.82,-0.0832,0.0744,1.12,3421626.0,36.64598688076096,0.0315,0.5338,0.2564,capitulation
GLW,2025-04-29,premarket,0.54,0.502,7.57,False,44.1,44.46,0.0082,0.0526,0.16,80711.0,39.06353774827434,0.0067,0.0711,0.1237,up
GM,2025-04-29,premarket,2.78,2.693,3.23,False,47.24,46.94,-0.0064,0.0557,0.11,89624.0,38.499604880092676,-0.0315,0.075,0.0352,orderly
KO,2025-04-29,premarket,0.73,0.712,2.53,False,71.79,72.35,0.0078,0.0285,0.27,-131068.0,37.72620694490581,-0.0087,-0.0469,-0.0119,up
MO,2025-04-29,premarket,1.23,1.173,4.86,False,58.19,58.77,0.01,0.0325,0.31,-36487.0,29.48991772730168,0.0291,-0.0391,0.0121,up
PFE,2025-04-29,premarket,0.92,0.64,43.75,False,23.05,23.79,0.0321,0.0336,0.96,-2854906.0,26.07084999017375,-0.0383,-0.0387,-0.0143,up
PYPL,2025-04-29,premarket,1.33,1.15,15.65,False,64.93,66.32,0.0214,0.0701,0.31,3439995.0,18.01710845008961,0.0261,0.09,0.0695,up
SBUX,2025-04-29,postmarket,0.41,0.488,-15.98,False,84.85,80.05,-0.0566,0.0621,0.91,16326.0,28.66769119568604,0.0332,0.081,0.0487,orderly
CAT,2025-04-30,premarket,4.25,4.302,-1.21,False,307.4,309.27,0.0061,0.0439,0.14,-2555904.0,20.121030007854344,0.0356,0.1306,0.1253,up
HOOD,2025-04-30,postmarket,0.37,0.322,14.91,False,49.11,46.62,-0.0507,0.0977,0.52,-7811732.0,25.98977577456058,0.1598,0.3016,0.4582,orderly
KLAC,2025-04-30,postmarket,8.41,8.061,4.33,False,702.69,676.31,-0.0375,0.0697,0.54,-661650.0,33.71369555479366,0.04,0.1918,0.1274,orderly
META,2025-04-30,postmarket,6.43,5.217,23.25,False,549.0,572.21,0.0423,0.0607,0.7,26778388.0,24.831240319506417,0.0451,0.1253,0.1725,up
MSFT,2025-04-30,postmarket,3.46,3.201,8.09,False,395.26,425.4,0.0763,0.0371,2.06,70275699.0,22.251083896876008,0.03,0.0652,0.086,up
QCOM,2025-04-30,postmarket,2.35,2.819,-16.64,False,148.46,135.21,-0.0892,0.0552,1.62,7641733.0,26.29439827004109,0.0731,0.1287,0.0845,overreaction
AAPL,2025-05-01,postmarket,1.65,1.61,2.48,False,213.32,205.35,-0.0374,0.0372,1.01,-7899801.0,29.260883743990554,-0.0332,0.0288,-0.0101,overreaction
ABNB,2025-05-01,postmarket,0.24,0.248,-3.23,False,124.01,125.26,0.0101,0.0684,0.15,-379520.0,23.546370479077186,0.0142,0.1017,0.061,up
AMZN,2025-05-01,postmarket,1.59,1.348,17.95,False,190.2,189.98,-0.0012,0.0535,0.02,-18931562.0,24.644937871938527,0.0162,0.0822,0.0828,orderly
BDX,2025-05-01,premarket,3.35,3.278,2.2,False,207.09,169.54,-0.1813,0.0538,3.37,-1336591.0,77.1335144494365,-0.0094,0.0161,-0.0008,overreaction
CVS,2025-05-01,premarket,2.25,1.708,31.73,False,66.71,69.45,0.0411,0.0514,0.8,-4335600.0,20.342486372789676,-0.023,-0.1293,-0.0842,up
LLY,2025-05-01,premarket,3.34,3.516,-5.01,False,898.95,794.1,-0.1166,0.0435,2.68,-28807532.0,32.63517359231167,-0.0537,-0.0766,-0.0592,overreaction
MA,2025-05-01,premarket,3.73,3.574,4.36,False,548.06,546.63,-0.0026,0.0251,0.1,-502251.0,26.703132667273422,0.0375,0.0651,0.0633,orderly
MCD,2025-05-01,premarket,2.67,2.643,1.02,False,319.65,313.64,-0.0188,0.0277,0.68,-1290807.0,27.02876016475268,-0.0005,0.0027,-0.0031,orderly
MRNA,2025-05-01,premarket,-2.52,-2.92,13.7,False,28.54,27.03,-0.0529,0.0919,0.58,-861073.0,38.611494069520944,-0.098,-0.125,0.0007,orderly
CVX,2025-05-02,premarket,2.18,2.152,1.3,False,136.26,138.5,0.0164,0.0249,0.66,-1523069.0,29.927977880911698,-0.0001,0.026,0.0076,up
F,2025-05-05,postmarket,0.14,0.0,,False,10.17,10.44,0.0265,0.0618,0.43,215861.0,20.58119427437281,0.0153,0.0268,-0.0326,up
ON,2025-05-05,premarket,0.55,0.514,7.0,False,41.91,38.41,-0.0835,0.09,0.93,-189011.0,32.88162992496566,0.1617,0.1414,0.309,orderly
PLTR,2025-05-05,postmarket,0.04,0.129,-68.99,False,123.77,108.86,-0.1205,0.1225,0.98,-43574276.0,36.45516772030468,0.1767,0.1537,0.1015,miss
AEP,2025-05-06,premarket,1.54,1.39,10.79,False,107.44,107.44,0.0,0.0344,0.0,532033.0,26.42730939199181,-0.0733,-0.0345,-0.0528,up
AMD,2025-05-06,postmarket,0.78,0.933,-16.4,False,98.62,100.36,0.0176,0.0692,0.25,2724578.0,24.83848699495024,0.173,0.1166,0.1577,up
ANET,2025-05-06,postmarket,0.63,0.586,7.51,False,90.77,86.45,-0.0476,0.0826,0.58,867926.0,25.68000535404879,0.1361,0.0692,0.1249,orderly
CEG,2025-05-06,premarket,2.14,2.143,-0.14,False,248.27,273.82,0.1029,0.0631,1.63,1413326.0,33.09744387972394,0.0646,0.0679,0.0587,up
DASH,2025-05-06,premarket,0.44,0.398,10.55,False,205.4,190.11,-0.0744,0.0739,1.01,838924.0,30.520403849660717,0.0405,0.0793,0.1353,overreaction
DDOG,2025-05-06,premarket,0.08,0.418,-80.86,False,105.7,106.06,0.0034,0.0981,0.03,-545099.0,25.084527097725786,0.1061,0.0965,0.1479,up
DVN,2025-05-06,postmarket,1.21,1.271,-4.8,False,30.59,30.29,-0.0098,0.0458,0.21,-124046.0,34.119108776756114,0.1212,0.0399,0.066,orderly
SMCI,2025-05-06,postmarket,0.19,0.3,-36.67,False,32.94,32.48,-0.014,0.0996,0.14,-3446890.0,10.184995726732696,0.3855,0.2823,0.2792,miss
APA,2025-05-07,postmarket,1.06,0.834,27.1,False,15.48,16.18,0.0452,0.0508,0.89,361137.0,38.254875297662345,0.0977,0.0346,0.1514,up
APP,2025-05-07,postmarket,1.67,1.447,15.41,False,303.46,339.51,0.1188,0.1514,0.78,3727648.0,37.23728682581744,0.0798,0.0352,0.1299,up
COHR,2025-05-07,postmarket,0.67,0.857,-21.82,False,69.62,70.59,0.0139,0.0842,0.17,-539845.0,30.34955971026334,0.1166,0.1174,0.1502,up
CVNA,2025-05-07,postmarket,1.51,0.75,101.33,False,51.83,57.11,0.1019,0.1122,0.91,9352828.0,20.475848829551776,0.0415,0.0585,0.1903,up
DIS,2025-05-07,premarket,1.45,1.18,22.88,False,92.17,102.09,0.1076,0.0578,1.86,5920145.0,22.509243351441864,0.1063,0.082,0.1157,up
FTNT,2025-05-07,postmarket,0.51,0.53,-3.77,False,106.72,97.74,-0.0841,0.0803,1.05,-908014.0,18.450477396834646,0.0493,0.0602,0.0444,overreaction
OXY,2025-05-07,postmarket,0.87,0.729,19.34,False,39.01,41.44,0.0623,0.0329,1.89,1885227.0,32.21652495244531,0.0466,-0.0087,0.0434,up
UBER,2025-05-07,premarket,0.83,0.506,64.03,False,85.83,83.65,-0.0254,0.0637,0.4,-7345961.0,17.702409620394036,0.0808,0.06,0.0233,orderly
AKAM,2025-05-08,postmarket,1.1,1.579,-30.34,False,85.44,76.25,-0.1076,0.0815,1.32,-585786.0,27.265682438929485,0.0233,-0.0054,0.0265,capitulation
COIN,2025-05-08,postmarket,1.94,1.853,4.7,False,206.5,199.32,-0.0348,0.0547,0.64,-17119512.0,0.12360718533336354,0.3368,0.3203,0.279,orderly
COP,2025-05-08,premarket,2.09,2.061,1.41,False,87.71,88.82,0.0127,0.028,0.45,4742213.0,26.603752924984537,0.0466,-0.0303,-0.0088,up
MCHP,2025-05-08,postmarket,0.04,0.102,-60.78,False,49.14,55.33,0.126,0.0566,2.22,-2636834.0,32.40572158217887,0.1063,0.0155,0.2577,up
MNST,2025-05-08,postmarket,0.47,0.462,1.73,False,60.14,61.0,0.0143,0.0481,0.3,33331.0,8.618577207546613,0.0305,0.0387,0.0334,up
CSCO,2025-05-14,postmarket,0.78,0.914,-14.66,False,61.29,64.26,0.0485,0.041,1.18,-16777.0,25.557270875744972,-0.014,-0.019,0.0195,up
AMAT,2025-05-15,postmarket,2.39,2.305,3.69,False,174.75,165.57,-0.0525,0.0456,1.15,-1327605.0,17.80561681344505,-0.0487,-0.0501,0.0515,overreaction
HD,2025-05-20,premarket,3.56,3.594,-0.95,False,379.38,377.05,-0.0061,0.0338,0.18,-8045857.0,20.057947980964375,-0.0238,-0.0123,-0.0727,orderly
PANW,2025-05-20,postmarket,0.43,0.77,-44.16,False,194.48,181.26,-0.068,0.0631,1.08,-5842060.0,21.909271269049704,0.0252,0.0874,0.1217,capitulation
MDT,2025-05-21,premarket,1.62,1.577,2.73,False,86.37,84.41,-0.0227,0.037,0.61,742910.0,21.724740347607742,-0.0237,0.0307,0.0184,orderly
TGT,2025-05-21,premarket,1.3,1.648,-21.12,False,98.12,93.01,-0.0521,0.0779,0.67,-2428983.0,35.10849407445826,0.02,0.0055,0.0378,miss
ADI,2025-05-22,premarket,1.85,1.686,9.73,False,222.22,211.93,-0.0463,0.0409,1.13,-621716.0,24.598456920133394,0.0097,0.0487,0.1088,overreaction
CPRT,2025-05-22,postmarket,0.42,0.42,0.0,False,60.66,53.67,-0.1152,0.0613,1.88,377930.0,24.516339804255534,-0.0535,-0.0656,-0.103,overreaction
INTU,2025-05-22,postmarket,10.44,10.893,-4.16,False,666.07,720.13,0.0812,0.0462,1.76,-2073436.0,15.12659610435629,0.0623,0.0614,0.0524,up
CRM,2025-05-28,postmarket,1.94,2.541,-23.65,False,276.03,266.92,-0.033,0.0618,0.53,-34920935.0,18.326492947600656,0.0008,-0.0,0.0216,miss
HPQ,2025-05-28,postmarket,0.71,0.8,-11.25,False,27.2,24.95,-0.0827,0.0574,1.44,46702.0,25.7128904616524,-0.01,-0.0084,-0.0196,overreaction
NVDA,2025-05-28,postmarket,0.77,0.848,-9.2,False,134.81,139.19,0.0325,0.0577,0.56,39178618.0,11.922826872099293,0.0057,0.0417,0.1351,up
COST,2025-05-29,postmarket,4.28,4.25,0.71,False,1008.74,1040.18,0.0312,0.0257,1.21,13436909.0,18.704893363006267,-0.0243,-0.048,-0.0521,up
DELL,2025-05-29,postmarket,1.41,1.717,-17.88,False,113.63,111.27,-0.0208,0.0648,0.32,-4142951.0,15.579026845610962,0.0223,-0.0154,0.094,orderly
MRVL,2025-05-29,postmarket,0.47,0.609,-22.82,False,63.73,60.19,-0.0555,0.0859,0.65,-1125538.0,28.63298713356113,0.1356,0.1163,0.2667,miss
CRWD,2025-06-03,postmarket,-0.23,0.662,-134.74,True,122.19,115.14,-0.0577,0.0623,0.93,-16138933.0,12.963445967666729,0.0356,0.0534,0.0975,other
HPE,2025-06-03,postmarket,0.29,0.34,-14.71,False,17.69,17.84,0.0085,0.0673,0.13,1007415.0,18.8901603323049,0.0213,-0.0034,0.1721,up
AVGO,2025-06-05,postmarket,1.33,1.57,-15.29,False,259.93,246.93,-0.05,0.0562,0.89,-19301841.0,9.570345728199849,0.0072,0.0277,0.1254,orderly
CIEN,2025-06-05,premarket,0.16,0.516,-68.99,False,83.89,73.05,-0.1292,0.1041,1.24,-1097516.0,26.737613149965714,0.0148,0.0203,0.0768,capitulation
LULU,2025-06-05,postmarket,2.6,2.588,0.46,False,330.78,265.27,-0.198,0.0753,2.63,-2686348.0,22.403434120241474,-0.0986,-0.1497,-0.1108,overreaction
ORCL,2025-06-11,postmarket,1.35,1.636,-17.48,False,176.38,199.86,0.1331,0.0639,2.08,29147247.0,19.407929761507024,0.0266,0.0519,0.1756,up
ADBE,2025-06-12,postmarket,4.1,4.96,-17.34,False,413.68,391.68,-0.0532,0.0623,0.85,-10318510.0,9.996040606415239,-0.0295,-0.0123,-0.0764,orderly
ACN,2025-06-20,premarket,3.49,3.299,5.79,False,306.38,285.37,-0.0686,0.0501,1.37,-653064.0,25.4623,0.0354,0.0532,0.0056,overreaction
GIS,2025-06-25,premarket,0.74,0.707,4.67,False,53.41,50.68,-0.0511,0.0553,0.92,-279707.0,47.1868,0.0622,0.0134,0.0077,orderly
MU,2025-06-25,postmarket,1.73,1.589,8.87,False,127.25,126.0,-0.0098,0.0678,0.14,-8170623.0,5.9063,-0.0294,-0.0117,-0.1171,orderly
NKE,2025-06-26,postmarket,0.14,0.116,20.69,False,62.54,72.04,0.1519,0.0664,2.29,26340688.0,25.1646,0.0623,0.0029,0.0873,up
DAL,2025-07-10,premarket,2.1,2.006,4.69,False,50.7,56.78,0.1199,0.0596,2.01,1233936.0,17.5708,-0.0077,-0.0365,-0.0553,up
C,2025-07-15,premarket,1.96,1.608,21.89,False,87.5,90.72,0.0368,0.0359,1.02,-1395744.0,12.5025,0.0362,0.0414,0.0433,up
JPM,2025-07-15,premarket,4.96,4.507,10.05,False,288.7,286.55,-0.0074,0.0302,0.25,-3710538.0,11.7658,0.017,0.0366,0.0139,orderly
BAC,2025-07-16,premarket,0.89,0.861,3.37,False,46.15,46.03,-0.0026,0.031,0.08,-1828140.0,5.728,0.0458,0.0419,0.0365,orderly
GS,2025-07-16,premarket,10.91,9.425,15.76,False,702.51,708.82,0.009,0.0282,0.32,-1302444.0,9.6033,0.0123,0.0309,0.0541,up
JNJ,2025-07-16,premarket,2.77,2.656,4.29,False,155.17,164.78,0.0619,0.022,2.82,4139228.0,7.9651,0.0262,0.0151,0.0603,up
KMI,2025-07-16,postmarket,0.28,0.282,-0.71,False,27.91,27.49,-0.015,0.0253,0.6,-75163.0,22.7964,-0.0025,0.0207,-0.0298,orderly
MS,2025-07-16,premarket,2.13,1.926,10.59,False,141.59,139.79,-0.0127,0.0311,0.41,473446.0,8.2866,0.0173,0.0368,0.0624,orderly
GE,2025-07-17,premarket,1.66,1.434,15.76,False,266.18,260.28,-0.0222,0.0485,0.46,-202954.0,9.7927,0.0297,0.0415,0.0291,orderly
IBKR,2025-07-17,postmarket,0.51,0.463,10.15,False,59.43,64.05,0.0777,0.0425,1.83,2807977.0,23.1811,0.0226,-0.0069,-0.0064,up
NFLX,2025-07-17,postmarket,7.19,7.073,1.65,False,127.42,120.92,-0.051,0.0533,0.96,-30604200.0,12.7232,-0.0237,-0.0418,0.0297,orderly
PEP,2025-07-17,premarket,2.12,2.033,4.28,False,135.35,145.44,0.0745,0.0346,2.15,4775635.0,23.7608,-0.0064,-0.0517,0.0341,up
AXP,2025-07-18,premarket,4.08,3.863,5.62,False,315.35,307.95,-0.0235,0.0306,0.77,-960440.0,5.7134,0.0119,-0.0444,-0.0029,orderly
SCHW,2025-07-18,premarket,1.14,1.089,4.68,False,93.1,95.8,0.029,0.0348,0.83,-2530044.0,1.15,0.0132,-0.0028,0.0039,up
SLB,2025-07-18,premarket,0.74,0.738,0.27,False,34.67,33.32,-0.0389,0.0287,1.36,1059068.0,23.0451,0.0645,-0.0081,-0.0006,overreaction
COF,2025-07-22,postmarket,5.48,3.835,42.89,False,217.42,219.46,0.0094,0.036,0.26,-877993.0,3.5994,-0.0193,-0.03,-0.0339,up
CSGP,2025-07-22,postmarket,0.08,0.142,-43.66,False,85.16,91.0,0.0686,0.0732,0.94,180851.0,1.5417,0.0577,0.0581,-0.029,up
GM,2025-07-22,premarket,2.53,2.376,6.48,False,53.21,48.89,-0.0812,0.047,1.73,-1230138.0,14.8009,0.0659,0.0755,0.1612,overreaction
HAL,2025-07-22,premarket,0.55,0.553,-0.54,False,21.18,21.39,0.0099,0.0413,0.24,-42912.0,32.27,0.079,0.0136,-0.0136,up
KO,2025-07-22,premarket,0.87,0.833,4.44,False,70.07,69.66,-0.0059,0.0229,0.26,-512385.0,20.5934,-0.004,-0.0088,0.0149,orderly
TXN,2025-07-22,postmarket,1.41,1.319,6.9,False,214.92,186.25,-0.1334,0.0401,3.33,-7765511.0,10.76,0.0176,-0.0018,0.0776,overreaction
APH,2025-07-23,premarket,0.81,0.663,22.17,False,101.78,100.71,-0.0105,0.0689,0.15,2375654.0,24.3502,0.0475,0.0873,0.0804,orderly
BSX,2025-07-23,premarket,0.75,0.724,3.59,False,103.16,107.76,0.0446,0.0401,1.11,-3033294.0,10.1167,-0.0093,-0.0446,-0.0237,up
CMG,2025-07-23,postmarket,0.33,0.324,1.85,False,52.78,45.74,-0.1334,0.0558,2.39,2436853.0,16.3116,-0.0625,-0.0667,-0.0459,overreaction
FCX,2025-07-23,premarket,0.54,0.455,18.68,False,45.8,44.84,-0.021,0.0385,0.54,277710.0,5.5844,-0.1271,-0.1111,-0.0696,orderly
GEV,2025-07-23,premarket,1.86,1.604,15.96,False,548.99,629.03,0.1458,0.0498,2.93,4106140.0,10.4947,0.0413,0.0565,-0.0366,up
GOOGL,2025-07-23,postmarket,2.31,2.146,7.64,False,190.23,192.17,0.0102,0.0483,0.21,-13922853.0,25.5583,-0.0014,0.0226,0.0724,up
IBM,2025-07-23,postmarket,2.8,2.644,5.9,False,282.01,260.51,-0.0762,0.0528,1.44,-17114461.0,14.7674,-0.0283,-0.0397,-0.0707,overreaction
NEE,2025-07-23,premarket,1.05,1.003,4.69,False,77.54,72.82,-0.0609,0.032,1.9,-1035485.0,9.1208,-0.0251,-0.0313,0.0448,overreaction
NOW,2025-07-23,postmarket,2.2,3.535,-37.77,False,191.29,199.24,0.0416,0.0642,0.65,3101896.0,11.5766,-0.0533,-0.1226,-0.1099,up
T,2025-07-23,premarket,0.54,0.513,5.26,False,27.42,27.75,0.012,0.0378,0.32,188877.0,15.6771,-0.009,-0.0094,0.0609,up
TSLA,2025-07-23,postmarket,0.27,0.386,-30.05,False,332.56,305.3,-0.082,0.0612,1.34,-213644521.0,3.5677,0.0097,0.0556,0.1137,capitulation
BX,2025-07-24,premarket,1.21,1.095,10.5,False,171.96,178.11,0.0358,0.0292,1.23,624583.0,8.0556,-0.0289,-0.0588,-0.0427,up
DOW,2025-07-24,premarket,-0.42,-0.112,-275.0,False,30.37,25.07,-0.1745,0.0589,2.96,-616591.0,51.4037,-0.071,-0.138,0.0016,capitulation
INTC,2025-07-24,postmarket,-0.26,0.009,-2988.89,True,22.63,20.7,-0.0853,0.0672,1.27,507440.0,0.5008,-0.0671,-0.0362,0.186,other
NEM,2025-07-24,postmarket,1.43,1.063,34.52,False,61.51,65.75,0.0689,0.0435,1.58,7220142.0,11.8955,-0.0481,0.0491,0.0814,up
BA,2025-07-29,premarket,-1.24,-1.542,19.58,False,236.41,226.08,-0.0437,0.0407,1.07,-9096842.0,3.0842,-0.0054,0.0289,0.0422,overreaction
BKNG,2025-07-29,postmarket,55.4,50.587,9.51,False,5590.77,5612.91,0.004,0.039,0.1,-4095012.0,7.9773,-0.0136,-0.0294,0.007,up
GLW,2025-07-29,premarket,0.6,0.565,6.19,False,55.41,61.98,0.1186,0.046,2.58,5214781.0,10.4944,0.0192,0.0608,0.085,up
MRK,2025-07-29,premarket,2.13,2.007,6.13,False,84.06,82.63,-0.017,0.0426,0.4,-4843094.0,24.9144,-0.0223,-0.0282,0.0174,orderly
PG,2025-07-29,premarket,1.48,1.425,3.86,False,157.11,156.61,-0.0032,0.0278,0.11,8197501.0,27.7662,-0.039,-0.0097,0.0022,orderly
PYPL,2025-07-29,premarket,1.4,1.298,7.86,False,78.22,71.45,-0.0866,0.0648,1.34,-6857819.0,7.9143,-0.0507,-0.0487,-0.0252,overreaction
SBUX,2025-07-29,postmarket,0.5,0.646,-22.6,False,92.96,92.76,-0.0022,0.059,0.04,-2197505.0,18.651,-0.0406,0.0153,-0.0511,miss
UNH,2025-07-29,premarket,4.08,4.838,-15.67,False,282.12,261.07,-0.0746,0.069,1.08,21260631.0,29.2442,-0.0386,0.0019,0.164,overreaction
AEP,2025-07-30,premarket,1.43,1.232,16.07,False,109.22,113.25,0.0369,0.0326,1.13,261993.0,24.8764,0.0021,-0.0012,-0.013,up
CVNA,2025-07-30,postmarket,1.28,1.096,16.79,False,66.72,78.03,0.1695,0.1006,1.69,8828189.0,7.0732,-0.083,-0.1219,-0.0468,up
F,2025-07-30,postmarket,0.37,0.343,7.87,False,10.87,11.07,0.0184,0.0547,0.34,156620.0,11.7675,0.019,0.0334,0.0632,up
HOOD,2025-07-30,postmarket,0.42,0.31,35.48,False,106.1,103.05,-0.0287,0.0755,0.38,-1561160.0,15.9964,0.0794,0.0743,0.0095,orderly
LRCX,2025-07-30,postmarket,1.33,1.198,11.02,False,99.09,94.84,-0.0429,0.0478,0.9,-968482.0,0.8425,0.0454,0.1322,0.056,orderly
META,2025-07-30,postmarket,7.14,5.828,22.51,False,695.21,773.44,0.1125,0.0515,2.19,172400531.0,5.8086,-0.015,0.0112,-0.0449,up
MO,2025-07-30,premarket,1.44,1.366,5.42,False,59.36,61.5,0.0361,0.0271,1.33,20701.0,20.2805,0.0268,0.065,0.08,up
MSFT,2025-07-30,postmarket,3.65,3.351,8.92,False,513.24,533.5,0.0395,0.0315,1.25,-4289215.0,9.4183,-0.0237,-0.0207,-0.0503,up
QCOM,2025-07-30,postmarket,2.29,2.696,-15.06,False,159.06,146.76,-0.0773,0.0501,1.54,-2712482.0,8.8083,-0.0059,0.0772,0.0952,overreaction
AAPL,2025-07-31,postmarket,1.57,1.423,10.33,False,207.57,202.38,-0.025,0.0376,0.67,5527183.0,28.1372,0.1333,0.1443,0.1351,orderly
ABBV,2025-07-31,premarket,2.97,2.892,2.7,False,189.31,189.02,-0.0015,0.0406,0.04,1002637.0,21.6142,0.0521,0.0828,0.1131,orderly
AMZN,2025-07-31,postmarket,1.68,1.326,26.7,False,234.11,214.75,-0.0827,0.0499,1.66,-22194744.0,15.9754,0.037,0.0758,0.0493,overreaction
BMY,2025-07-31,premarket,1.46,1.072,36.19,False,45.98,43.31,-0.0581,0.0414,1.4,675497.0,31.0092,0.0473,0.1039,0.0894,overreaction
CMCSA,2025-07-31,premarket,1.25,1.169,6.93,False,32.5,33.23,0.0225,0.0434,0.52,4392951.0,19.5884,-0.0469,-0.0099,0.0223,up
COIN,2025-07-31,postmarket,0.12,1.186,-89.88,False,377.76,314.69,-0.167,0.0541,3.08,-23320985.0,22.7418,-0.0132,0.0091,-0.0354,capitulation
CVS,2025-07-31,premarket,1.81,1.466,23.47,False,62.3,62.1,-0.0032,0.062,0.05,902169.0,16.1058,0.0238,0.0746,0.1779,orderly
EIX,2025-07-31,postmarket,0.97,0.884,9.73,False,52.12,53.13,0.0194,0.0607,0.32,-480795.0,44.3451,0.012,0.0446,0.0501,up
FSLR,2025-07-31,postmarket,3.18,2.678,18.75,False,174.73,183.97,0.0529,0.0543,0.97,469505.0,17.8144,0.0037,0.0869,0.0642,up
KLAC,2025-07-31,postmarket,9.38,8.533,9.93,False,879.03,886.64,0.0087,0.0621,0.14,-602050.0,10.9111,0.0318,-0.0132,-0.0454,up
MA,2025-07-31,premarket,4.15,4.05,2.47,False,559.11,566.47,0.0132,0.0223,0.59,622831.0,19.6348,-0.0093,0.0305,0.0509,up
CVX,2025-08-01,premarket,1.77,1.698,4.24,False,151.64,151.4,-0.0016,0.0195,0.08,431919.0,16.3374,0.0238,0.034,0.0689,orderly
MRNA,2025-08-01,premarket,-2.13,-2.993,28.83,False,29.56,27.61,-0.0661,0.0873,0.76,-1201410.0,18.0972,-0.0538,0.015,-0.1237,orderly
ON,2025-08-04,premarket,0.53,0.539,-1.67,False,56.82,47.97,-0.1558,0.0888,1.75,-1084024.0,22.3405,-0.0181,0.0534,-0.0038,overreaction
PLTR,2025-08-04,postmarket,0.13,0.139,-6.47,False,160.66,173.27,0.0785,0.102,0.77,8569950.0,14.2747,0.0791,-0.0896,-0.0989,up
AMD,2025-08-05,postmarket,0.27,0.473,-42.92,False,174.31,163.12,-0.0642,0.0699,0.92,-37861320.5,15.3142,0.1306,0.0128,-0.0734,miss
ANET,2025-08-05,postmarket,0.67,0.654,2.45,False,118.12,138.78,0.1749,0.0778,2.25,9298659.0,16.4641,-0.0055,-0.0527,0.0293,up
CAT,2025-08-05,premarket,4.72,4.883,-3.34,False,433.7,434.23,0.0012,0.0363,0.03,850094.0,8.6158,-0.0496,-0.0418,-0.0323,up
DVN,2025-08-05,postmarket,0.84,0.825,1.82,False,32.31,32.45,0.0043,0.0391,0.11,484763.0,21.4187,0.0361,0.041,0.0712,up
PFE,2025-08-05,premarket,0.78,0.582,34.02,False,23.53,24.75,0.0518,0.0403,1.29,416018.0,11.0101,-0.004,0.023,-0.0085,up
SMCI,2025-08-05,postmarket,0.31,0.44,-29.55,False,57.26,46.79,-0.1829,0.1037,1.76,1949314.0,1.3321,-0.0154,-0.0893,-0.1364,capitulation
ABNB,2025-08-06,postmarket,1.03,0.928,10.99,False,130.5,120.03,-0.0802,0.0652,1.23,9417765.0,10.1599,0.0384,0.0533,0.0382,overreaction
APA,2025-08-06,postmarket,0.87,0.449,93.76,False,18.06,19.46,0.0775,0.0433,1.79,68564.0,23.9267,0.0529,0.0601,0.1439,up
APP,2025-08-06,postmarket,2.26,1.993,13.4,False,390.57,437.34,0.1197,0.1219,0.98,-9307625.0,18.8883,-0.0091,-0.0425,0.2508,up
DASH,2025-08-06,postmarket,0.65,0.424,53.3,False,258.08,270.99,0.05,0.0739,0.68,-4755888.0,12.5564,-0.0869,-0.0952,-0.0752,up
DIS,2025-08-06,premarket,1.61,1.464,9.97,False,118.32,115.17,-0.0266,0.0524,0.51,-2314254.0,9.0556,0.0128,0.0162,0.0238,orderly
FTNT,2025-08-06,postmarket,0.58,0.589,-1.53,False,96.58,75.3,-0.2203,0.0826,2.67,3349491.0,27.0991,0.0259,0.0325,0.0672,overreaction
MCD,2025-08-06,premarket,3.19,3.145,1.43,False,298.77,307.66,0.0298,0.0279,1.07,911882.0,12.7581,-0.0084,0.0176,0.0218,up
OXY,2025-08-06,postmarket,0.39,0.284,37.32,False,42.54,43.59,0.0247,0.0343,0.72,1246650.0,21.4362,0.0271,0.0223,0.0411,up
UBER,2025-08-06,premarket,0.63,0.619,1.78,False,89.39,89.22,-0.0019,0.0606,0.03,828967.0,10.3371,0.018,0.0505,0.0198,orderly
AKAM,2025-08-07,postmarket,1.1,1.545,-28.8,False,74.76,70.53,-0.0566,0.0762,0.74,188817.0,23.5402,0.0552,0.1008,0.1082,miss
BDX,2025-08-07,premarket,3.68,3.417,7.7,False,172.41,187.68,0.0886,0.0572,1.55,1133537.0,26.5629,0.039,0.0477,0.0208,up
CEG,2025-08-07,premarket,1.91,1.825,4.66,False,338.46,336.41,-0.0061,0.0561,0.11,-1544886.0,11.9516,-0.0303,-0.071,-0.1117,orderly
COP,2025-08-07,premarket,1.42,1.358,4.57,False,93.11,92.6,-0.0055,0.0261,0.21,-595004.0,14.8974,0.0329,0.0235,-0.013,orderly
DDOG,2025-08-07,premarket,0.06,0.408,-85.29,False,136.96,136.38,-0.0042,0.0729,0.06,-2191570.0,9.0983,-0.087,-0.053,0.0004,miss
LLY,2025-08-07,premarket,6.31,5.61,12.48,False,746.37,640.86,-0.1414,0.0561,2.52,-72401987.0,31.2521,0.068,0.1076,0.1526,overreaction
MCHP,2025-08-07,postmarket,0.17,0.235,-27.66,False,66.22,61.87,-0.0657,0.0674,0.97,487656.0,11.6837,0.0621,0.1175,0.0467,miss
MNST,2025-08-07,postmarket,0.52,0.482,7.88,False,60.8,64.69,0.064,0.0465,1.38,1745.0,14.5606,-0.0008,-0.0286,-0.0207,up
COHR,2025-08-13,postmarket,0.74,0.928,-20.26,False,114.01,91.65,-0.1961,0.0894,2.19,6277839.0,11.9481,-0.0551,0.0387,0.1603,capitulation
CSCO,2025-08-13,postmarket,0.81,0.973,-16.75,False,70.4,69.3,-0.0156,0.0493,0.32,-310534.0,21.2763,-0.0329,0.0019,-0.0329,orderly
AMAT,2025-08-14,postmarket,2.48,2.341,5.94,False,188.24,161.75,-0.1407,0.0466,3.02,-7854591.0,6.281,0.0045,-0.0062,0.0729,overreaction
PANW,2025-08-18,postmarket,0.42,0.885,-52.54,False,176.17,181.56,0.0306,0.069,0.44,6038156.0,17.9669,0.0147,0.0549,0.1328,up
HD,2025-08-19,premarket,4.68,4.713,-0.7,False,394.7,407.2,0.0317,0.0326,0.97,334234.0,9.7286,0.0008,0.0013,0.0252,up
MDT,2025-08-19,premarket,1.26,1.228,2.61,False,92.81,89.9,-0.0314,0.0482,0.65,-1064505.0,13.2963,0.0254,0.0261,0.0633,orderly
ADI,2025-08-20,premarket,2.05,1.926,6.44,False,230.44,244.87,0.0626,0.0501,1.25,-4061445.0,5.5557,0.0434,0.0051,0.0019,up
TGT,2025-08-20,premarket,2.05,2.09,-1.91,False,105.36,98.69,-0.0633,0.0806,0.79,-2447069.0,24.1249,-0.0074,-0.0606,-0.107,orderly
INTU,2025-08-21,postmarket,1.7,2.648,-35.8,False,697.76,662.66,-0.0503,0.0508,0.99,4524433.0,19.4274,0.0065,0.0136,0.0551,miss
CRWD,2025-08-27,postmarket,-0.02,0.831,-102.41,True,105.65,110.5,0.0459,0.0647,0.71,-1149771.0,9.9865,-0.0551,-0.0133,0.1052,up
HPQ,2025-08-27,postmarket,0.75,0.75,0.0,False,27.11,28.35,0.0457,0.0571,0.8,267562.0,13.6444,0.0349,-0.0134,-0.0515,up
NVDA,2025-08-27,postmarket,0.99,1.002,-1.2,False,181.6,180.17,-0.0079,0.0561,0.14,40823956.0,6.1213,-0.073,-0.013,0.0093,orderly
DELL,2025-08-28,postmarket,2.1,2.307,-8.97,False,134.05,122.15,-0.0888,0.066,1.34,-4216395.0,2.6399,0.007,0.0381,0.1606,overreaction
MRVL,2025-08-28,postmarket,0.5,0.67,-25.37,False,77.23,62.87,-0.186,0.0794,2.34,-1812446.0,14.267,0.0499,0.0726,0.3373,capitulation
CRM,2025-09-03,postmarket,2.27,2.774,-18.17,False,256.45,244.01,-0.0485,0.0675,0.72,-13838414.0,12.2214,0.0093,0.0011,-0.015,orderly
HPE,2025-09-03,postmarket,0.35,0.43,-18.6,False,22.82,23.16,0.0149,0.0723,0.21,-638899.0,7.7577,0.0734,0.0898,0.0548,up
AVGO,2025-09-04,postmarket,1.26,1.661,-24.14,False,306.1,334.89,0.0941,0.0473,1.99,51988695.0,5.0744,0.0746,0.03,0.0018,up
CIEN,2025-09-04,premarket,0.41,0.521,-21.31,False,94.82,116.92,0.2331,0.1099,2.12,2789279.0,24.7433,0.1333,0.1806,0.2953,up
CPRT,2025-09-04,postmarket,0.41,0.37,10.81,False,49.97,48.57,-0.028,0.068,0.41,98960.0,25.2961,-0.0035,-0.056,-0.0848,orderly
LULU,2025-09-04,postmarket,3.1,2.842,9.08,False,206.09,167.8,-0.1858,0.1035,1.79,-6245808.0,28.6699,-0.0473,0.0108,0.0377,overreaction
ORCL,2025-09-09,postmarket,1.2,1.473,-18.53,False,241.51,328.33,0.3595,0.0835,4.31,165020782.0,66.1035,-0.082,-0.0605,-0.0955,up
ADBE,2025-09-11,postmarket,4.29,5.171,-17.04,False,350.55,349.36,-0.0034,0.0909,0.04,-13406762.0,24.5415,0.0473,0.0315,-0.0287,orderly
GIS,2025-09-17,premarket,0.86,0.809,6.3,False,49.56,49.18,-0.0077,0.039,0.2,-349927.0,55.2934,0.0392,0.0309,-0.0299,orderly
MU,2025-09-23,postmarket,2.86,2.857,0.11,False,166.41,161.71,-0.0282,0.0855,0.33,3812106.0,21.4203,0.1264,0.2154,0.2783,orderly
ACN,2025-09-25,premarket,3.03,2.977,1.78,False,239.08,232.56,-0.0273,0.0642,0.43,1274025.0,45.0322,0.0507,0.0838,0.0649,orderly
COST,2025-09-25,postmarket,5.87,5.809,1.05,False,943.31,915.95,-0.029,0.0287,1.01,-29589977.0,10.3646,-0.0006,0.0154,0.0152,overreaction
CCL,2025-09-29,premarket,1.43,1.316,8.66,False,30.62,29.4,-0.0398,0.0626,0.64,-4744.0,14.0423,-0.0105,-0.0446,-0.0524,orderly
NKE,2025-09-30,postmarket,0.49,0.273,79.49,False,69.73,74.2,0.0641,0.078,0.82,1148699.0,19.4797,-0.0689,-0.0774,-0.1253,up
DAL,2025-10-09,premarket,1.71,1.517,12.72,False,57.12,59.57,0.0429,0.0586,0.73,213765.0,17.3375,0.0139,-0.0134,-0.0116,up
PEP,2025-10-09,premarket,2.29,2.266,1.06,False,138.84,144.71,0.0423,0.0315,1.34,2167260.0,34.0965,0.055,0.047,-0.0122,up
C,2025-10-14,premarket,2.24,1.914,17.03,False,96.1,99.84,0.0389,0.0409,0.95,3923681.0,25.1916,-0.0159,0.0155,0.0303,up
GS,2025-10-14,premarket,12.25,11.111,10.25,False,786.78,770.76,-0.0204,0.0371,0.55,-7825337.0,22.2339,-0.0153,0.0277,0.0885,orderly
JNJ,2025-10-14,premarket,2.8,2.774,0.94,False,190.9,190.85,-0.0003,0.0282,0.01,-1841224.0,26.8347,0.0054,-0.0205,0.0185,orderly
JPM,2025-10-14,premarket,5.07,4.83,4.97,False,307.97,302.08,-0.0191,0.0345,0.55,-74466.0,24.1473,-0.0165,0.0109,0.0607,orderly
BAC,2025-10-15,premarket,1.06,0.941,12.65,False,50.09,52.28,0.0437,0.0333,1.31,4267151.0,21.609,-0.0226,0.0057,0.0113,up
MS,2025-10-15,premarket,2.8,2.076,34.87,False,155.34,162.65,0.0471,0.0361,1.3,4634983.0,15.0803,-0.0279,0.0085,0.0182,up
IBKR,2025-10-16,postmarket,0.57,0.503,13.32,False,68.52,66.23,-0.0334,0.0507,0.66,245735.0,31.4127,0.038,0.0624,-0.0426,orderly
SCHW,2025-10-16,premarket,1.31,1.236,5.99,False,94.33,93.41,-0.0098,0.0426,0.23,-1730354.0,32.2659,0.0127,0.0107,0.0105,orderly
AXP,2025-10-17,premarket,4.14,3.964,4.44,False,323.12,346.62,0.0727,0.0339,2.15,6544453.0,19.9799,0.0316,0.0407,-0.0155,up
SLB,2025-10-17,premarket,0.69,0.664,3.92,False,32.92,32.63,-0.0088,0.0361,0.24,4560.0,29.8547,0.0981,0.1051,0.0971,orderly
COF,2025-10-21,postmarket,5.95,4.198,41.73,False,217.05,220.38,0.0153,0.047,0.33,-3713229.0,21.7686,-0.0081,0.0046,-0.0824,up
GE,2025-10-21,premarket,1.66,1.464,13.39,False,302.68,306.63,0.0131,0.0437,0.3,5387939.0,19.7224,0.0103,-0.0079,-0.0189,up
GM,2025-10-21,premarket,2.8,2.246,24.67,False,58.0,66.62,0.1486,0.0525,2.83,3144879.0,12.0243,0.0488,0.0038,0.0282,up
HAL,2025-10-21,premarket,0.58,0.497,16.7,False,22.62,25.24,0.1158,0.0423,2.74,216568.0,32.3598,0.0547,0.0622,0.0483,up
KO,2025-10-21,premarket,0.82,0.781,4.99,False,68.44,71.22,0.0406,0.0233,1.74,2281254.0,14.2992,-0.0149,-0.0359,-0.0015,up
NFLX,2025-10-21,postmarket,0.59,6.886,-91.43,False,124.14,111.64,-0.1007,0.0608,1.66,-75002255.0,20.3487,-0.0143,-0.016,-0.0535,capitulation
TXN,2025-10-21,postmarket,1.48,1.474,0.41,False,180.84,170.71,-0.056,0.0528,1.06,-3612206.0,16.4398,-0.0612,-0.0418,-0.1018,overreaction
APH,2025-10-22,premarket,0.93,0.792,17.42,False,124.44,128.93,0.0361,0.0956,0.38,-1579113.0,42.075,0.0839,0.0771,0.0111,up
BSX,2025-10-22,premarket,0.75,0.71,5.63,False,99.9,103.85,0.0395,0.0399,0.99,441016.0,12.6794,-0.0342,-0.0477,-0.0698,up
GEV,2025-10-22,premarket,1.64,1.781,-7.92,False,585.33,576.0,-0.0159,0.0601,0.27,721099.0,20.9093,0.0034,-0.0283,-0.0312,orderly
IBM,2025-10-22,postmarket,2.65,2.435,8.83,False,287.51,285.0,-0.0087,0.0593,0.15,-2032136.0,27.6198,0.0879,0.0962,0.0436,orderly
KMI,2025-10-22,postmarket,0.29,0.285,1.75,False,27.56,26.25,-0.0475,0.0234,2.03,29955.0,8.5638,-0.0065,-0.005,0.0278,overreaction
LRCX,2025-10-22,postmarket,1.26,1.215,3.7,False,141.25,147.54,0.0445,0.0524,0.85,3831524.0,27.8415,0.0913,0.0993,-0.0331,up
T,2025-10-22,premarket,0.54,0.545,-0.92,False,26.05,25.55,-0.0192,0.0406,0.47,778714.0,34.8547,-0.016,-0.0387,-0.0012,orderly
TSLA,2025-10-22,postmarket,0.37,0.526,-29.66,False,438.97,448.98,0.0228,0.0575,0.4,120843838.0,19.5229,-0.0198,-0.0068,-0.1289,up
BX,2025-10-23,premarket,1.52,1.212,25.41,False,161.72,154.98,-0.0417,0.0372,1.12,-563649.0,21.4064,-0.0425,-0.0745,-0.0794,overreaction
DOW,2025-10-23,premarket,-0.19,-0.307,38.11,False,21.7,24.51,0.1295,0.0634,2.04,1385721.0,51.8469,-0.029,-0.0934,-0.0942,up
F,2025-10-23,postmarket,0.45,0.382,17.8,False,12.34,13.84,0.1216,0.0518,2.34,2947651.0,16.0403,-0.0513,-0.0455,-0.0636,up
FCX,2025-10-23,premarket,0.5,0.382,30.89,False,40.78,41.23,0.011,0.0348,0.32,-1955828.0,18.8498,0.0121,-0.0626,-0.033,up
INTC,2025-10-23,postmarket,0.11,0.007,1471.43,False,38.16,38.28,0.0031,0.0786,0.04,-474853.0,35.7522,0.0447,-0.0039,-0.065,up
NEM,2025-10-23,postmarket,1.71,1.288,32.76,False,88.91,83.37,-0.0623,0.0449,1.39,-1251758.0,52.7547,-0.0288,0.0002,0.0379,overreaction
PG,2025-10-24,premarket,1.99,1.896,4.96,False,152.21,152.49,0.0018,0.026,0.07,283562.0,28.6545,-0.0139,-0.0361,-0.0361,up
BKNG,2025-10-28,postmarket,99.5,96.105,3.53,False,5120.57,5075.86,-0.0087,0.042,0.21,173637.0,28.7148,-0.0324,0.0196,-0.0318,orderly
CSGP,2025-10-28,postmarket,0.11,0.18,-38.89,False,78.23,70.51,-0.0987,0.0873,1.13,-360323.0,39.439,-0.001,-0.0211,-0.0243,capitulation
EIX,2025-10-28,postmarket,2.34,2.16,8.33,False,56.05,55.39,-0.0118,0.062,0.19,49043.0,25.1947,0.0251,0.0608,0.0632,orderly
GLW,2025-10-28,premarket,0.67,0.663,1.06,False,89.37,86.43,-0.0329,0.0694,0.47,3669915.0,48.8231,-0.0141,0.0174,-0.0327,orderly
NEE,2025-10-28,premarket,1.13,1.037,8.97,False,86.03,83.57,-0.0286,0.0335,0.85,-487352.0,22.8806,-0.0225,0.0262,0.0236,orderly
PYPL,2025-10-28,premarket,1.34,1.194,12.23,False,70.25,73.02,0.0394,0.0738,0.53,1238405.0,24.2598,-0.095,-0.077,-0.1532,up
UNH,2025-10-28,premarket,2.92,2.753,6.07,False,365.98,367.84,0.0051,0.0534,0.1,-5265337.0,24.2186,-0.1006,-0.1098,-0.1037,up
AEP,2025-10-29,premarket,1.8,1.81,-0.55,False,115.11,122.11,0.0608,0.0393,1.55,750756.0,25.2753,-0.0192,0.0047,0.0136,up
BA,2025-10-29,premarket,-7.47,-3.679,-103.04,False,223.33,213.58,-0.0437,0.04,1.09,-10622806.0,12.2242,-0.0747,-0.0847,-0.1151,capitulation
CAT,2025-10-29,premarket,4.95,4.52,9.51,False,524.47,585.49,0.1163,0.0437,2.66,10665965.0,35.9209,-0.0279,-0.0213,-0.0166,up
CMG,2025-10-29,postmarket,0.29,0.284,2.11,False,39.76,32.53,-0.1818,0.0914,1.99,-15276199.0,35.0319,-0.0606,-0.0354,0.0526,overreaction
CVNA,2025-10-29,postmarket,1.03,1.326,-22.32,False,70.79,61.01,-0.1382,0.115,1.2,-31955332.0,24.1806,-0.0488,0.0443,0.2301,capitulation
CVS,2025-10-29,premarket,1.6,1.362,17.47,False,82.2,80.6,-0.0195,0.0469,0.41,-112875.0,8.1794,-0.0254,-0.0042,-0.003,orderly
GOOGL,2025-10-29,postmarket,2.87,2.255,27.27,False,274.57,281.48,0.0252,0.0547,0.46,13736683.0,34.3279,0.0116,-0.0103,0.1187,up
KLAC,2025-10-29,postmarket,8.81,8.547,3.08,False,1235.28,1214.41,-0.0169,0.0872,0.19,-70062.0,41.1265,-0.0066,-0.0434,-0.0471,orderly
META,2025-10-29,postmarket,7.25,6.606,9.75,False,751.67,666.47,-0.1133,0.0573,1.98,-274075528.0,25.3463,-0.0713,-0.0849,-0.0384,overreaction
MSFT,2025-10-29,postmarket,4.13,3.654,13.03,False,541.55,525.76,-0.0292,0.0428,0.68,-12830057.0,19.2937,-0.0545,-0.0427,-0.0742,orderly
NOW,2025-10-29,postmarket,0.59,4.209,-85.98,False,182.34,186.94,0.0252,0.0724,0.35,5857443.0,24.5764,-0.0813,-0.0909,-0.1205,up
SBUX,2025-10-29,postmarket,0.52,0.551,-5.63,False,84.17,83.15,-0.0121,0.0638,0.19,-241044.0,26.08,-0.0112,0.0396,0.0212,orderly
AAPL,2025-10-30,postmarket,1.85,1.734,6.69,False,271.4,270.37,-0.0038,0.0282,0.13,1103063.0,14.9474,-0.007,0.0075,0.0585,orderly
AMZN,2025-10-30,postmarket,1.95,1.579,23.5,False,222.86,244.22,0.0958,0.0606,1.58,5315473.0,20.9743,0.0008,-0.039,-0.0401,up
BMY,2025-10-30,premarket,1.63,1.48,10.14,False,42.6,45.62,0.0709,0.0418,1.7,2003869.0,37.9097,0.0221,0.066,0.078,up
CMCSA,2025-10-30,premarket,1.12,1.096,2.19,False,28.53,27.32,-0.0424,0.0494,0.86,776538.0,44.7767,-0.0004,0.0238,-0.0271,orderly
COIN,2025-10-30,postmarket,1.44,1.026,40.35,False,328.51,343.78,0.0465,0.0572,0.81,-1725318.0,22.6599,-0.1008,-0.1739,-0.2342,up
FSLR,2025-10-30,postmarket,4.24,4.321,-1.87,False,233.58,266.94,0.1428,0.0596,2.4,10555412.0,20.9568,0.0026,-0.0519,-0.0164,up
LLY,2025-10-30,premarket,7.02,6.021,16.59,False,813.53,844.5,0.0381,0.0473,0.81,9548107.0,22.9176,0.1101,0.2112,0.2527,up
MA,2025-10-30,premarket,4.38,4.307,1.69,False,554.58,553.68,-0.0016,0.0244,0.07,-4371617.0,24.3333,-0.0007,0.0034,-0.0175,orderly
MO,2025-10-30,premarket,1.45,1.441,0.62,False,61.97,57.13,-0.0781,0.0308,2.54,-4056729.0,30.8214,0.0025,0.0119,0.0352,overreaction
MRK,2025-10-30,premarket,2.58,2.36,9.32,False,86.58,86.28,-0.0035,0.0373,0.09,232835.0,18.9419,-0.0058,0.0771,0.1802,orderly
ABBV,2025-10-31,premarket,1.86,1.773,4.91,False,228.2,218.04,-0.0445,0.0335,1.33,259152.0,15.5684,0.0051,0.0657,0.029,overreaction
CVX,2025-10-31,premarket,1.85,1.658,11.58,False,153.52,157.72,0.0274,0.02,1.37,1297862.0,16.0886,-0.0171,-0.0006,-0.0474,up
ON,2025-11-03,premarket,0.63,0.596,5.7,False,50.08,50.46,0.0076,0.1147,0.07,-62862.0,24.4808,-0.038,-0.088,0.1326,up
PLTR,2025-11-03,postmarket,0.18,0.17,5.88,False,207.18,190.74,-0.0794,0.0855,0.93,-59631275.0,21.7343,0.0012,-0.1227,-0.0672,orderly
AMD,2025-11-04,postmarket,0.97,1.168,-16.95,False,250.05,256.33,0.0251,0.0624,0.4,21980629.0,42.8928,0.01,-0.1279,-0.1497,up
ANET,2025-11-04,postmarket,0.67,0.72,-6.94,False,153.55,140.42,-0.0855,0.0819,1.04,-788049.0,34.2108,-0.0387,-0.1112,-0.0842,overreaction
PFE,2025-11-04,premarket,0.87,0.658,32.22,False,24.66,24.3,-0.0146,0.0416,0.35,-100999.0,17.2049,0.0498,0.0473,0.0576,orderly
SMCI,2025-11-04,postmarket,0.26,0.277,-6.14,False,47.4,42.03,-0.1133,0.0931,1.22,-7981277.0,10.3298,-0.098,-0.1975,-0.1746,overreaction
UBER,2025-11-04,premarket,3.11,0.67,364.18,False,99.72,94.67,-0.0506,0.0586,0.86,-2745746.0,17.8711,-0.0113,-0.0402,-0.0389,orderly
APA,2025-11-05,postmarket,0.93,0.74,25.68,False,21.66,23.64,0.0914,0.0485,1.88,246150.0,20.6935,0.0444,-0.011,0.1058,up
APP,2025-11-05,postmarket,2.45,2.368,3.46,False,617.05,621.36,0.007,0.0936,0.07,-7631175.0,12.174,-0.1049,-0.1618,0.1101,up
COHR,2025-11-05,postmarket,0.93,1.044,-10.92,False,134.63,159.3,0.1832,0.1049,1.75,-9079.0,22.9142,-0.1213,-0.1487,0.1667,up
DASH,2025-11-05,postmarket,0.55,0.679,-19.0,False,238.0,196.46,-0.1745,0.084,2.08,-1639466.0,34.6808,-0.0064,-0.0444,0.1475,overreaction
DVN,2025-11-05,postmarket,1.04,0.934,11.35,False,32.34,32.43,0.0028,0.0348,0.08,451922.0,16.5837,0.0805,0.0842,0.1585,up
FTNT,2025-11-05,postmarket,0.65,0.632,2.85,False,85.99,80.54,-0.0634,0.0876,0.72,-4861211.0,11.3084,0.0061,-0.031,0.0371,orderly
HOOD,2025-11-05,postmarket,0.61,0.512,19.14,False,142.48,127.08,-0.1081,0.0687,1.57,-64310050.0,20.7679,-0.0437,-0.1642,0.0736,overreaction
MCD,2025-11-05,premarket,3.22,3.348,-3.82,False,299.21,305.67,0.0216,0.0278,0.78,-1413363.0,21.1658,0.0042,-0.0096,0.0182,up
QCOM,2025-11-05,postmarket,2.56,2.869,-10.77,False,179.72,173.2,-0.0363,0.0506,0.72,-3544887.0,25.1416,0.0075,-0.0786,0.0122,orderly
ABNB,2025-11-06,postmarket,2.21,2.293,-3.62,False,120.53,120.88,0.0029,0.0745,0.04,-1789047.0,19.6049,0.0094,-0.0548,0.0373,up
AKAM,2025-11-06,postmarket,1.06,1.635,-35.17,False,73.0,83.74,0.1471,0.1187,1.24,2240881.0,21.1063,0.041,0.0629,0.0229,up
BDX,2025-11-06,premarket,3.96,3.922,0.97,False,176.39,177.39,0.0057,0.0623,0.09,40777.0,31.4679,0.0882,0.0687,0.0683,up
COP,2025-11-06,premarket,1.61,1.403,14.75,False,87.7,85.66,-0.0233,0.0249,0.94,-1106845.0,17.4847,0.0439,0.0211,0.0843,orderly
DDOG,2025-11-06,premarket,0.11,0.453,-75.72,False,154.98,190.82,0.2313,0.0895,2.58,9383421.0,22.5122,-0.0254,-0.1638,-0.1915,up
MCHP,2025-11-06,postmarket,0.26,0.331,-21.45,False,59.35,56.28,-0.0517,0.0719,0.72,-994911.0,25.4744,-0.0498,-0.0956,0.1878,miss
MNST,2025-11-06,postmarket,0.56,0.48,16.67,False,66.31,69.73,0.0516,0.0641,0.8,285166.0,25.203,0.0227,0.0331,0.0551,up
MRNA,2025-11-06,premarket,-0.51,-2.154,76.32,False,23.56,24.33,0.0327,0.0742,0.44,10420326.0,38.7674,0.0259,-0.081,0.1496,up
CEG,2025-11-07,premarket,3.04,3.036,0.13,False,351.3,358.39,0.0202,0.0494,0.41,2768780.0,23.0766,-0.0554,-0.0566,0.0021,up
OXY,2025-11-10,postmarket,0.64,0.48,33.33,False,41.8,41.85,0.0012,0.0351,0.03,1253339.0,14.3553,0.016,-0.0105,-0.0155,up
CSCO,2025-11-12,postmarket,0.81,0.981,-17.43,False,73.96,77.38,0.0462,0.0479,0.96,1564116.0,45.0446,-0.0251,-0.0057,0.0112,up
AMAT,2025-11-13,postmarket,2.17,2.112,2.75,False,223.23,226.01,0.0125,0.0489,0.25,3677228.0,32.7744,-0.0089,0.1272,0.1453,up
DIS,2025-11-13,premarket,1.11,1.03,7.77,False,116.65,107.61,-0.0775,0.0574,1.35,-1388474.0,22.4329,-0.0456,-0.0292,0.0268,overreaction
HD,2025-11-18,premarket,3.74,3.805,-1.71,False,358.03,336.48,-0.0602,0.0353,1.71,-11247719.0,30.8057,0.0434,0.0637,0.055,overreaction
MDT,2025-11-18,premarket,1.36,1.312,3.66,False,96.28,100.8,0.0469,0.0338,1.39,766179.0,21.4701,0.0451,0.0116,-0.023,up
NVDA,2025-11-19,postmarket,1.24,1.243,-0.24,False,186.52,180.64,-0.0315,0.0612,0.51,-25938399.0,47.3354,-0.0202,0.0098,0.0169,orderly
PANW,2025-11-19,postmarket,0.53,0.891,-40.52,False,199.9,185.07,-0.0742,0.0576,1.29,-10067436.0,35.0134,0.0273,0.0744,0.0239,capitulation
TGT,2025-11-19,premarket,1.78,1.761,1.08,False,88.53,86.08,-0.0277,0.0827,0.33,-3039909.0,31.3449,0.0432,0.064,0.1386,orderly
CPRT,2025-11-20,postmarket,0.41,0.4,2.5,False,41.02,40.73,-0.0071,0.0637,0.11,693847.0,34.6038,-0.0388,-0.057,-0.0388,orderly
INTU,2025-11-20,postmarket,1.88,3.095,-39.26,False,637.44,663.15,0.0403,0.0518,0.78,235307.0,41.1047,-0.0475,-0.0104,0.0166,up
ADI,2025-11-25,premarket,2.26,2.22,1.8,False,239.4,252.02,0.0527,0.0422,1.25,369397.0,15.371,0.104,0.1173,0.0985,up
DELL,2025-11-25,postmarket,2.35,2.477,-5.13,False,125.92,133.26,0.0583,0.0708,0.82,7469366.0,19.2337,0.043,0.0401,-0.0435,up
HPQ,2025-11-25,postmarket,0.93,0.913,1.86,False,24.32,23.98,-0.014,0.0643,0.22,-323657.0,15.5547,0.0801,0.0596,-0.0521,orderly
CRWD,2025-12-02,postmarket,-0.02,0.939,-102.13,True,129.14,131.04,0.0147,0.0599,0.25,-4700308.0,11.9318,-0.0088,-0.1033,-0.129,up
MRVL,2025-12-02,postmarket,0.62,0.746,-16.89,False,92.89,100.2,0.0787,0.0991,0.79,17724054.0,30.2462,-0.0771,-0.1846,-0.0995,up
CRM,2025-12-03,postmarket,2.66,2.851,-6.7,False,238.72,247.46,0.0366,0.0643,0.57,1321294.0,21.5182,0.0602,0.042,0.0624,up
HPE,2025-12-04,postmarket,0.54,0.586,-7.85,False,22.9,23.33,0.0188,0.0611,0.31,424738.0,10.3581,0.0231,0.0471,-0.0386,up
ADBE,2025-12-10,postmarket,4.55,5.389,-15.57,False,343.13,350.43,0.0213,0.0591,0.36,-443407.0,20.3888,0.0154,0.0096,-0.1156,up
ORCL,2025-12-10,postmarket,1.95,1.63,19.63,False,223.01,198.85,-0.1083,0.0895,1.21,82477.0,43.5087,-0.0946,-0.0043,0.0173,overreaction
AVGO,2025-12-11,postmarket,1.61,1.865,-13.67,False,406.37,359.93,-0.1143,0.056,2.04,-115552891.0,18.9619,-0.0544,-0.0293,-0.0557,overreaction
CIEN,2025-12-11,premarket,0.64,0.769,-16.78,False,221.85,242.37,0.0925,0.1091,0.85,-2198914.0,54.9658,-0.1306,-0.0028,0.0167,up
COST,2025-12-11,postmarket,4.34,4.258,1.93,False,884.48,884.47,-0.0,0.0271,0.0,305618.0,10.9992,-0.0326,-0.0188,0.0752,up
LULU,2025-12-11,postmarket,2.59,2.219,16.72,False,187.01,204.97,0.096,0.0959,1.0,10117598.0,26.9594,0.0219,0.0369,-0.0089,up
GIS,2025-12-17,premarket,1.1,1.021,7.74,False,47.02,48.61,0.0338,0.0371,0.91,206183.0,40.1222,-0.0331,-0.0595,-0.0856,up
MU,2025-12-17,postmarket,4.61,3.908,17.96,False,225.52,248.55,0.1021,0.0764,1.34,71298496.0,39.1656,0.1458,0.2559,0.5655,up
ACN,2025-12-18,premarket,3.94,3.734,5.52,False,273.74,269.96,-0.0138,0.0517,0.27,736716.0,33.0495,0.0042,-0.0222,0.0399,orderly
NKE,2025-12-18,postmarket,0.53,0.373,42.09,False,65.63,58.71,-0.1054,0.0633,1.67,-16980752.0,11.6672,0.0426,0.1131,0.115,overreaction
CCL,2025-12-19,premarket,0.34,0.248,37.1,False,28.34,31.12,0.0981,0.0637,1.54,3415931.0,4.9162,-0.0129,0.0379,-0.0845,up
DAL,2026-01-13,premarket,1.55,1.526,1.57,False,71.03,69.33,-0.0239,0.0553,0.43,742192.0,8.249,-0.0055,-0.0505,0.0025,orderly
JPM,2026-01-13,premarket,5.23,5.009,4.41,False,324.49,310.9,-0.0419,0.0304,1.38,-913796.0,14.8985,-0.0285,-0.0326,-0.0266,overreaction
BAC,2026-01-14,premarket,0.98,0.957,2.4,False,54.54,52.48,-0.0378,0.0274,1.38,-315751.0,6.6107,-0.0006,0.0114,0.0013,overreaction
C,2026-01-14,premarket,1.81,1.649,9.76,False,116.3,112.41,-0.0334,0.0328,1.02,-5506086.0,15.8194,0.0289,0.0248,-0.0138,overreaction
GS,2026-01-15,premarket,14.01,11.766,19.07,False,932.67,975.86,0.0463,0.0302,1.54,10753076.0,17.4937,-0.0584,-0.0415,-0.0613,up
MS,2026-01-15,premarket,2.68,2.414,11.02,False,180.78,191.23,0.0578,0.0301,1.92,2674517.0,11.7735,-0.064,-0.0441,-0.103,up
IBKR,2026-01-20,postmarket,0.65,0.515,26.21,False,71.51,75.8,0.06,0.052,1.15,289548.0,10.6292,-0.0046,-0.0311,-0.0185,up
NFLX,2026-01-20,postmarket,0.56,0.547,2.38,False,87.26,85.36,-0.0218,0.0699,0.31,-15438311.0,16.6866,-0.0084,-0.0609,-0.0784,orderly
HAL,2026-01-21,premarket,0.69,0.538,28.25,False,32.06,33.36,0.0405,0.0371,1.09,913004.0,21.6985,0.0,0.0294,0.0525,up
JNJ,2026-01-21,premarket,2.46,2.434,1.07,False,218.21,218.01,-0.0009,0.0276,0.03,940184.0,21.9805,0.0445,0.0755,0.1123,orderly
KMI,2026-01-21,postmarket,0.39,0.365,6.85,False,28.58,29.69,0.0388,0.022,1.76,190470.0,4.9343,0.0185,0.0216,0.1014,up
SCHW,2026-01-21,premarket,1.39,1.359,2.28,False,100.99,101.79,0.0079,0.0336,0.24,-536673.0,11.7569,0.0165,0.0205,-0.0762,up
COF,2026-01-22,postmarket,3.86,4.123,-6.38,False,235.07,217.3,-0.0756,0.0315,2.4,-5647132.0,11.8739,0.0075,0.0253,-0.0954,overreaction
FCX,2026-01-22,premarket,0.47,0.28,67.86,False,60.58,58.85,-0.0286,0.0363,0.79,-5472492.0,18.2939,0.1067,0.0063,0.1138,orderly
GE,2026-01-22,premarket,1.57,1.436,9.33,False,318.5,295.0,-0.0738,0.0408,1.81,2819246.0,16.052,0.0131,0.0385,0.1491,overreaction
INTC,2026-01-22,postmarket,0.04,0.081,-50.62,False,54.32,45.07,-0.1703,0.0772,2.21,-56239969.0,29.2006,0.0311,0.1225,0.0233,capitulation
PG,2026-01-22,premarket,1.88,1.874,0.32,False,146.06,149.93,0.0265,0.0282,0.94,4350678.0,21.6695,-0.0002,0.0579,0.1016,up
SLB,2026-01-23,premarket,0.78,0.744,4.84,False,49.32,49.15,-0.0034,0.0248,0.14,-1614319.0,15.9351,-0.0157,0.0315,0.0549,orderly
BA,2026-01-27,premarket,-1.91,-0.399,-378.7,False,248.43,244.56,-0.0156,0.0399,0.39,3068897.0,10.7808,-0.0467,-0.0081,-0.0619,miss
GM,2026-01-27,premarket,2.51,2.197,14.25,False,79.43,86.38,0.0875,0.0529,1.66,3133330.0,16.75,-0.0078,-0.0707,-0.0647,up
NEE,2026-01-27,premarket,0.54,0.53,1.89,False,85.47,87.15,0.0197,0.0296,0.66,304253.0,18.2068,0.0192,0.0422,0.0555,up
TXN,2026-01-27,postmarket,1.27,1.296,-2.01,False,196.63,216.17,0.0994,0.0648,1.53,128350.0,17.2699,0.0312,0.0481,-0.0188,up
UNH,2026-01-27,premarket,2.11,2.093,0.81,False,351.64,282.7,-0.1961,0.051,3.85,-87865702.0,26.661,0.0052,-0.0335,0.014,overreaction
APH,2026-01-28,premarket,0.97,0.927,4.64,False,166.25,145.96,-0.122,0.0877,1.39,314874.0,44.026,-0.1093,-0.0132,0.0007,overreaction
GEV,2026-01-28,premarket,13.39,3.048,339.3,False,692.7,711.59,0.0273,0.0482,0.57,3328536.0,9.43,0.0487,0.1575,0.2277,up
GLW,2026-01-28,premarket,0.72,0.698,3.15,False,109.74,104.28,-0.0498,0.0684,0.73,-2670876.0,59.1743,0.0519,0.2745,0.4421,orderly
IBM,2026-01-28,postmarket,4.52,4.33,4.39,False,294.16,309.24,0.0513,0.0573,0.89,1553797.0,25.0548,-0.0626,-0.1608,-0.2259,up
LRCX,2026-01-28,postmarket,1.27,1.165,9.01,False,239.58,248.17,0.0359,0.062,0.58,2586834.0,49.7031,-0.1405,-0.068,-0.0692,up
META,2026-01-28,postmarket,8.88,8.211,8.15,False,668.73,738.31,0.104,0.0591,1.76,322364227.0,16.6092,-0.0922,-0.1199,-0.1148,up
MSFT,2026-01-28,postmarket,4.14,3.875,6.84,False,481.63,433.5,-0.0999,0.0446,2.24,-177539825.0,34.1686,-0.0919,-0.073,-0.0806,overreaction
NOW,2026-01-28,postmarket,0.52,0.869,-40.16,False,129.62,116.73,-0.0994,0.0722,1.38,20451222.0,35.893,-0.1208,-0.1151,-0.0626,capitulation
SBUX,2026-01-28,premarket,0.56,0.577,-2.95,False,95.72,95.16,-0.0059,0.0614,0.1,1494739.0,31.0001,0.019,0.0416,0.0301,orderly
T,2026-01-28,premarket,0.52,0.46,13.04,False,23.0,24.07,0.0465,0.0399,1.17,1725975.0,15.9925,0.1309,0.1828,0.1637,up
TSLA,2026-01-28,postmarket,0.31,0.452,-31.42,False,431.46,416.56,-0.0345,0.0483,0.72,-124028718.0,3.1205,-0.0465,0.0012,-0.0318,miss
AAPL,2026-01-29,postmarket,2.84,2.654,7.01,False,258.28,259.48,0.0046,0.0383,0.12,24542095.0,15.7171,0.0718,-0.0143,0.0165,up
BX,2026-01-29,premarket,1.75,1.52,15.13,False,146.79,142.94,-0.0262,0.0376,0.7,1287197.0,11.7345,-0.1127,-0.0921,-0.1932,orderly
CAT,2026-01-29,premarket,5.16,4.674,10.4,False,643.28,665.24,0.0341,0.048,0.71,2095298.0,31.3278,0.0196,0.1399,0.1309,up
CMCSA,2026-01-29,premarket,0.84,0.752,11.7,False,28.41,29.24,0.0292,0.0481,0.61,-343678.0,19.8793,0.0551,0.0882,0.054,up
DOW,2026-01-29,premarket,-0.34,-0.465,26.88,False,27.78,27.16,-0.0223,0.0603,0.37,933542.0,40.9667,0.1267,0.2021,0.1267,orderly
KLAC,2026-01-29,postmarket,8.85,8.818,0.36,False,1684.71,1427.94,-0.1524,0.0838,1.82,9340557.0,40.6686,0.0105,0.0253,0.0094,overreaction
MA,2026-01-29,premarket,4.76,4.203,13.25,False,521.37,543.73,0.0429,0.028,1.53,3217039.0,16.0464,0.015,-0.0299,-0.0418,up
MO,2026-01-29,premarket,1.3,1.315,-1.14,False,63.13,59.76,-0.0534,0.0314,1.7,-128330.0,13.7232,0.0942,0.1213,0.1494,overreaction
AXP,2026-01-30,premarket,3.53,3.539,-0.25,False,358.5,352.17,-0.0177,0.0405,0.44,902905.0,12.5083,0.0198,-0.0417,-0.1259,orderly
CVX,2026-01-30,premarket,1.52,1.444,5.26,False,171.19,176.9,0.0334,0.02,1.67,372940.0,14.2513,0.0224,0.0387,0.0671,up
DIS,2026-02-02,premarket,1.63,1.569,3.89,False,112.8,104.45,-0.074,0.0545,1.36,-6806938.0,17.4193,0.0257,0.0095,-0.0135,overreaction
PLTR,2026-02-02,postmarket,0.24,0.231,3.9,False,147.76,157.88,0.0685,0.0942,0.73,-1549380.0,14.9085,-0.1164,-0.1425,-0.033,up
AMD,2026-02-03,postmarket,1.24,1.317,-5.85,False,242.11,200.19,-0.1731,0.0694,2.49,-71608926.0,44.0694,0.0669,0.0159,-0.0388,overreaction
CMG,2026-02-03,postmarket,0.25,0.239,4.6,False,39.17,39.93,0.0194,0.0877,0.22,2226441.0,25.9478,-0.0679,-0.0491,-0.1142,up
MRK,2026-02-03,premarket,2.04,2.028,0.59,False,113.37,115.84,0.0218,0.0428,0.51,1821878.0,14.4297,0.0113,0.0502,0.002,up
PFE,2026-02-03,premarket,0.66,0.565,16.81,False,26.66,25.77,-0.0334,0.0318,1.05,504518.0,12.7935,0.0714,0.0621,0.0326,overreaction
PYPL,2026-02-03,premarket,1.23,1.286,-4.35,False,52.33,41.7,-0.2031,0.0798,2.55,-27098872.0,29.1172,-0.005,-0.006,0.1424,overreaction
SMCI,2026-02-03,postmarket,0.56,0.493,13.59,False,29.67,33.76,0.1378,0.1127,1.22,8856897.0,21.5153,-0.0509,-0.0474,-0.0726,up
ABBV,2026-02-04,premarket,2.71,2.656,2.03,False,225.66,217.11,-0.0379,0.0395,0.96,-65199.0,29.0791,0.0174,0.0333,0.0599,orderly
BSX,2026-02-04,premarket,0.8,0.777,2.96,False,91.62,75.5,-0.1759,0.0454,3.88,1594340.0,37.2917,-0.0269,0.0029,-0.055,overreaction
COHR,2026-02-04,postmarket,1.11,1.22,-9.02,False,211.0,209.24,-0.0083,0.1236,0.07,-14695101.0,47.5711,0.0328,0.1861,0.2059,orderly
GOOGL,2026-02-04,postmarket,2.82,2.579,9.34,False,333.04,331.25,-0.0054,0.0548,0.1,-11850567.0,33.1575,-0.0672,-0.0491,-0.0751,orderly
LLY,2026-02-04,premarket,7.54,6.989,7.88,False,1003.46,1107.12,0.1033,0.0613,1.69,19910565.0,24.5079,-0.083,-0.0758,-0.1055,up
QCOM,2026-02-04,postmarket,2.8,3.393,-17.48,False,148.89,136.3,-0.0846,0.0548,1.54,-9799666.0,27.0742,0.0159,0.0483,0.0133,overreaction
UBER,2026-02-04,premarket,0.71,0.791,-10.24,False,77.93,73.92,-0.0515,0.0609,0.85,-6513824.0,21.9455,-0.0394,-0.0133,0.0164,orderly
AMZN,2026-02-05,postmarket,1.95,1.978,-1.42,False,222.69,210.32,-0.0555,0.0739,0.75,12471163.0,21.7793,-0.0548,-0.024,0.0191,orderly
BMY,2026-02-05,premarket,1.26,1.153,9.28,False,57.62,59.52,0.033,0.0374,0.88,903378.0,21.1912,0.0057,0.0192,0.0186,up
COP,2026-02-05,premarket,1.02,1.079,-5.47,False,107.59,104.98,-0.0243,0.0251,0.97,377984.0,19.8904,0.0557,0.0529,0.1148,orderly
FTNT,2026-02-05,postmarket,0.71,0.737,-3.66,False,78.93,82.76,0.0485,0.0919,0.53,301413.0,20.7163,0.0338,-0.0865,0.0174,up
MCHP,2026-02-05,postmarket,0.33,0.426,-22.54,False,78.04,76.01,-0.026,0.0517,0.5,960423.0,19.0779,0.0335,0.0078,-0.1405,miss
BDX,2026-02-09,premarket,2.91,2.816,3.34,False,210.02,207.39,-0.0125,0.0602,0.21,110368.0,40.3847,-0.1447,-0.1201,-0.2132,orderly
ON,2026-02-09,postmarket,0.64,0.619,3.39,False,65.1,67.38,0.035,0.0795,0.44,707555.0,18.1319,0.0487,0.0341,-0.1438,up
CVS,2026-02-10,premarket,1.09,0.991,9.99,False,75.77,75.7,-0.0009,0.0527,0.02,758356.0,16.7831,0.0271,0.0065,0.0049,orderly
DDOG,2026-02-10,premarket,0.15,0.55,-72.73,False,114.01,129.67,0.1374,0.1206,1.14,6120851.0,45.268,-0.0608,-0.1491,-0.0194,up
F,2026-02-10,postmarket,0.13,0.167,-22.16,False,13.57,13.85,0.0206,0.0492,0.42,84690.0,10.936,-0.0051,0.0404,-0.1574,up
HOOD,2026-02-10,postmarket,0.66,0.63,4.76,False,85.6,77.97,-0.0891,0.0878,1.02,-5549273.0,25.3898,-0.0298,0.019,-0.0587,overreaction
KO,2026-02-10,premarket,0.58,0.565,2.65,False,77.97,76.81,-0.0149,0.0249,0.6,-188539.0,25.7876,0.0349,0.0477,0.0104,orderly
APP,2026-02-11,postmarket,3.24,2.89,12.11,False,456.81,366.91,-0.1968,0.1246,1.58,-49748353.0,30.5986,0.1411,0.1849,0.2355,overreaction
CSCO,2026-02-11,postmarket,0.88,1.02,-13.73,False,85.54,75.0,-0.1232,0.051,2.41,-12260771.0,50.1771,0.056,0.0595,0.052,overreaction
MCD,2026-02-11,premarket,3.12,3.047,2.4,False,325.97,323.21,-0.0085,0.0259,0.33,621798.0,26.747,0.0121,0.035,0.0101,orderly
ABNB,2026-02-12,postmarket,0.56,0.658,-14.89,False,115.96,121.35,0.0465,0.0673,0.69,-1034519.0,28.895,0.0133,0.0981,0.0874,up
AEP,2026-02-12,premarket,1.19,1.148,3.66,False,122.25,126.43,0.0342,0.0343,1.0,910892.0,30.8296,0.0233,0.0585,0.0611,up
AMAT,2026-02-12,postmarket,2.38,2.193,8.53,False,328.39,354.91,0.0808,0.0671,1.2,1417668.0,55.1058,0.0525,0.0487,-0.0069,up
ANET,2026-02-12,postmarket,0.74,0.754,-1.86,False,135.12,141.59,0.0479,0.0871,0.55,3290246.0,27.7642,-0.1,-0.0868,-0.0602,up
COIN,2026-02-12,postmarket,0.66,0.609,8.37,False,141.09,164.32,0.1646,0.0718,2.29,36068194.0,41.6749,-0.0248,0.1273,0.2794,up
MRNA,2026-02-13,premarket,-2.11,-2.597,18.75,False,40.11,42.23,0.0529,0.0761,0.69,1079547.0,38.6178,0.1909,0.2514,0.2771,up
DVN,2026-02-17,postmarket,0.82,0.813,0.86,False,44.04,44.44,0.0091,0.0318,0.29,-1174872.0,17.007,-0.041,-0.0214,0.0979,up
MDT,2026-02-17,premarket,1.36,1.332,2.1,False,99.49,96.41,-0.031,0.0403,0.77,-1123130.0,25.0896,0.0035,0.0031,-0.0954,orderly
PANW,2026-02-17,postmarket,0.68,0.931,-26.96,False,163.5,152.35,-0.0682,0.0674,1.01,-5983136.0,36.3975,-0.0493,0.0408,0.1141,capitulation
ADI,2026-02-18,premarket,2.46,2.311,6.45,False,337.51,346.37,0.0263,0.0528,0.5,315386.0,23.2846,0.0417,-0.014,-0.1037,up
BKNG,2026-02-18,postmarket,1.95,48.234,-95.96,False,4269.99,4007.45,-0.0615,0.0491,1.25,-12404735.0,44.4153,0.0606,0.1512,0.079,capitulation
CVNA,2026-02-18,postmarket,4.22,1.127,274.45,False,72.31,66.56,-0.0795,0.1247,0.64,4867070.0,30.9169,0.0634,-0.005,-0.1547,orderly
DASH,2026-02-18,postmarket,0.48,0.58,-17.24,False,173.38,176.19,0.0162,0.1071,0.15,-346491.0,40.9868,0.024,0.0414,-0.111,up
EIX,2026-02-18,postmarket,1.87,1.468,27.38,False,69.7,72.66,0.0425,0.0298,1.42,464468.0,28.8473,0.0235,-0.0198,-0.04,up
OXY,2026-02-18,postmarket,0.31,0.191,62.3,False,47.11,51.53,0.0938,0.0325,2.88,3382663.0,25.879,-0.0019,0.0332,0.1781,up
AKAM,2026-02-19,postmarket,1.17,1.752,-33.22,False,109.59,94.17,-0.1407,0.1198,1.17,-92386.0,25.4804,0.0448,0.0607,0.2151,capitulation
CPRT,2026-02-19,postmarket,0.36,0.395,-8.86,False,37.65,36.48,-0.0311,0.0457,0.68,414043.0,29.2761,0.0441,0.0345,-0.0847,orderly
NEM,2026-02-19,postmarket,2.52,2.027,24.32,False,125.4,122.13,-0.0261,0.0438,0.6,-1182781.0,61.9951,0.0644,-0.0478,-0.1964,orderly
CSGP,2026-02-24,postmarket,0.24,0.273,-12.09,False,49.15,44.78,-0.0889,0.112,0.79,348150.0,57.4873,0.063,0.0125,-0.0777,orderly
FSLR,2026-02-24,postmarket,4.84,5.215,-7.19,False,243.21,210.12,-0.1361,0.0733,1.85,-757749.0,28.6722,-0.0612,-0.047,-0.1156,overreaction
HD,2026-02-24,premarket,2.72,2.517,8.07,False,376.99,384.48,0.0199,0.0363,0.55,759070.0,28.4179,-0.0457,-0.0711,-0.1352,up
HPQ,2026-02-24,postmarket,0.81,0.774,4.65,False,18.2,18.21,0.0005,0.0787,0.01,-212270.0,46.3342,0.0533,0.0137,0.061,up
APA,2026-02-25,postmarket,0.91,0.621,46.54,False,27.84,29.1,0.0453,0.0482,0.94,45003.0,34.0743,0.1127,0.155,0.5254,up
CRM,2026-02-25,postmarket,2.85,3.031,-5.97,False,191.75,199.47,0.0403,0.0726,0.55,2990445.0,53.0929,0.0096,-0.001,-0.1011,up
NVDA,2026-02-25,postmarket,1.57,1.518,3.43,False,195.56,184.89,-0.0546,0.0519,1.05,-116452217.0,34.2885,-0.0084,-0.0095,-0.0939,overreaction
DELL,2026-02-26,postmarket,3.61,3.539,2.01,False,121.45,148.08,0.2193,0.0687,3.19,17994551.0,28.5501,-0.0108,0.0239,0.112,up
INTU,2026-02-26,postmarket,2.83,3.664,-22.76,False,394.42,409.03,0.037,0.0586,0.63,-238509.0,61.8257,0.1764,0.0756,0.0489,up
MNST,2026-02-26,postmarket,0.51,0.494,3.24,False,86.66,85.3,-0.0157,0.063,0.25,-966232.0,29.7673,-0.1136,-0.096,-0.1639,orderly
CRWD,2026-03-03,postmarket,0.23,1.102,-79.13,False,97.85,101.92,0.0416,0.0656,0.63,8575503.0,34.3336,0.0843,0.069,-0.021,up
TGT,2026-03-03,premarket,2.44,2.173,12.29,False,113.17,120.8,0.0674,0.0698,0.97,3504762.0,18.9889,-0.0005,-0.0334,-0.0029,up
AVGO,2026-03-04,postmarket,1.76,2.035,-13.51,False,317.53,332.77,0.048,0.0647,0.74,38450735.0,38.8631,0.0096,-0.0389,-0.0551,up
CIEN,2026-03-05,premarket,1.08,1.144,-5.59,False,343.55,299.3,-0.1288,0.1138,1.13,29689768.0,73.2832,0.1254,0.3785,0.4509,overreaction
COST,2026-03-05,postmarket,4.58,4.546,0.75,False,982.57,998.1,0.0158,0.0237,0.67,1349344.0,27.8232,0.0103,-0.0258,0.0151,up
MRVL,2026-03-05,postmarket,0.66,0.789,-16.35,False,75.68,89.57,0.1835,0.0839,2.19,25590763.0,28.6126,-0.0191,-0.0185,0.2212,up
HPE,2026-03-09,postmarket,0.54,0.59,-8.47,False,21.81,21.1,-0.0326,0.081,0.4,-131619.0,41.2126,0.027,0.1327,0.1768,orderly
ORCL,2026-03-10,postmarket,1.43,1.701,-15.93,False,149.4,163.12,0.0918,0.0845,1.09,17759527.0,55.5491,-0.0627,-0.1048,-0.1534,up
ADBE,2026-03-12,postmarket,4.83,5.878,-17.83,False,269.78,249.32,-0.0758,0.0589,1.29,-2607432.0,50.8149,-0.0047,-0.0581,-0.0545,overreaction
LULU,2026-03-17,postmarket,5.01,4.768,5.08,False,159.27,165.39,0.0384,0.0876,0.44,3281260.0,24.9784,-0.0403,-0.0398,0.0114,up
GIS,2026-03-18,premarket,0.64,0.738,-13.28,False,38.74,37.59,-0.0297,0.0413,0.72,-267531.0,82.4906,-0.0378,-0.0101,-0.0556,orderly
MU,2026-03-18,postmarket,12.08,8.804,37.21,False,461.73,444.27,-0.0378,0.0656,0.58,5779218.0,53.7701,-0.1999,-0.1756,0.0093,orderly
ACN,2026-03-19,premarket,2.93,2.862,2.38,False,195.15,203.55,0.043,0.0566,0.76,-18126616.0,57.058,-0.035,-0.0109,-0.0417,up
CCL,2026-03-27,premarket,0.2,0.175,14.29,False,25.28,24.19,-0.0431,0.0593,0.73,-1422491.0,51.9181,0.0736,0.1472,0.0872,orderly
NKE,2026-03-31,postmarket,0.35,0.29,20.69,False,52.82,44.63,-0.1551,0.0698,2.22,-3039536.0,31.127,-0.0141,0.024,-0.0052,overreaction
DAL,2026-04-08,premarket,0.64,0.596,7.38,False,65.62,68.08,0.0375,0.0587,0.64,-16031663.0,27.035,0.0574,0.0048,0.0739,up
GS,2026-04-13,premarket,17.55,16.342,7.39,False,907.8,890.79,-0.0187,0.0391,0.48,8232716.0,32.4593,0.0572,0.0528,0.0619,orderly
C,2026-04-14,premarket,3.06,2.643,15.78,False,126.28,129.58,0.0261,0.0319,0.82,770335.0,36.9891,0.0162,-0.0081,-0.0423,up
JNJ,2026-04-14,premarket,2.7,2.671,1.09,False,237.96,240.1,0.009,0.0299,0.3,-60631.0,57.629,-0.0581,-0.0513,-0.0403,up
JPM,2026-04-14,premarket,5.94,5.486,8.28,False,313.68,311.12,-0.0082,0.0285,0.29,-9699008.0,28.4897,0.006,0.0011,-0.0349,orderly
BAC,2026-04-15,premarket,1.11,1.001,10.89,False,53.35,54.32,0.0182,0.0267,0.68,1439245.0,21.1689,-0.0221,-0.0265,-0.0823,up
MS,2026-04-15,premarket,3.43,3.056,12.24,False,183.34,191.62,0.0452,0.029,1.55,-512179.0,36.3823,-0.003,-0.0237,0.0152,up
NFLX,2026-04-16,postmarket,0.7,0.815,-14.11,False,107.79,97.31,-0.0972,0.0624,1.56,-26228168.0,21.1505,-0.05,-0.054,-0.0787,overreaction
PEP,2026-04-16,premarket,1.61,1.545,4.21,False,154.85,158.38,0.0228,0.0369,0.62,148182.0,44.4561,-0.0169,0.0007,-0.0585,up
SCHW,2026-04-16,premarket,1.43,1.38,3.62,False,100.27,92.62,-0.0763,0.0296,2.58,-2978879.0,59.1062,-0.0399,-0.0106,-0.0188,overreaction
COF,2026-04-21,postmarket,4.42,4.614,-4.2,False,202.5,199.43,-0.0152,0.0443,0.34,408769.0,39.2829,-0.0431,-0.0302,-0.064,orderly
GE,2026-04-21,premarket,1.86,1.608,15.67,False,303.6,286.73,-0.0556,0.0438,1.27,-3571543.0,55.5431,0.0086,-0.0002,0.0469,overreaction
HAL,2026-04-21,premarket,0.55,0.491,12.02,False,36.68,38.15,0.0401,0.044,0.91,814933.0,59.473,0.0697,0.0936,0.1088,up
IBKR,2026-04-21,postmarket,0.6,0.615,-2.44,False,79.62,78.11,-0.019,0.0467,0.41,-337773.0,28.3706,-0.0136,0.1143,0.0732,orderly
UNH,2026-04-21,premarket,7.23,6.475,11.66,False,323.48,346.01,0.0696,0.0505,1.38,25059937.0,6.6133,0.06,0.0516,0.1078,up
BA,2026-04-22,premarket,-0.2,-0.946,78.86,False,219.16,231.28,0.0553,0.04,1.38,23385556.0,62.1353,-0.031,-0.0058,-0.0505,up
BSX,2026-04-22,premarket,0.8,0.795,0.63,False,59.52,64.87,0.0899,0.0596,1.51,262890.0,40.703,-0.119,-0.1367,-0.119,up
GEV,2026-04-22,premarket,1.98,1.787,10.8,False,991.3,1127.56,0.1375,0.0507,2.71,-3552059.0,57.1729,-0.0572,-0.0076,-0.0743,up
IBM,2026-04-22,postmarket,1.91,1.813,5.35,False,251.86,231.08,-0.0825,0.0565,1.46,-3538539.0,45.9758,-0.0004,0.001,0.0985,overreaction
KMI,2026-04-22,postmarket,0.48,0.384,25.0,False,31.81,31.73,-0.0025,0.0241,0.1,-2106571.0,52.7539,0.0359,-0.0066,0.0649,orderly
LRCX,2026-04-22,postmarket,1.47,1.359,8.17,False,265.55,258.56,-0.0263,0.0598,0.44,-3283749.0,76.8243,-0.0027,0.1081,0.181,orderly
NOW,2026-04-22,postmarket,0.49,0.953,-48.58,False,103.07,84.78,-0.1775,0.0952,1.86,-12542376.0,69.1882,0.0416,0.1039,0.2046,capitulation
T,2026-04-22,premarket,0.57,0.549,3.83,False,25.88,25.98,0.0039,0.0439,0.09,-675413.0,55.8172,-0.0089,-0.0158,-0.0246,up
TSLA,2026-04-22,postmarket,0.18,0.363,-50.41,False,387.51,373.72,-0.0356,0.045,0.79,-38372415.0,6.6278,0.0212,0.1019,0.1399,miss
TXN,2026-04-22,postmarket,1.68,1.372,22.45,False,236.31,282.23,0.1943,0.0748,2.6,-7197640.0,58.409,-0.0041,0.0107,0.0956,up
AXP,2026-04-23,premarket,4.28,4.033,6.12,False,332.9,318.55,-0.0431,0.0324,1.33,-2759472.0,42.2447,0.0141,0.0004,-0.0213,overreaction
BX,2026-04-23,premarket,1.36,1.346,1.04,False,129.73,122.33,-0.057,0.0356,1.6,-1269916.0,47.3403,0.0266,0.0,-0.0312,overreaction
CMCSA,2026-04-23,premarket,0.79,0.725,8.97,False,29.37,31.64,0.0773,0.0491,1.57,2137267.0,43.1277,-0.1454,-0.1707,-0.2034,up
DOW,2026-04-23,premarket,-0.14,-0.319,56.11,False,38.81,38.53,-0.0072,0.05,0.14,-25378.0,45.8172,0.0509,-0.0314,-0.0654,orderly
FCX,2026-04-23,premarket,0.57,0.467,22.06,False,70.36,61.48,-0.1262,0.0402,3.14,-1975417.0,52.9392,-0.0602,-0.0142,0.0083,overreaction
INTC,2026-04-23,postmarket,0.17,0.014,1114.29,False,66.78,82.54,0.236,0.0875,2.7,33907993.5,90.207,0.2069,0.5134,0.4965,up
NEE,2026-04-23,premarket,1.09,0.976,11.68,False,90.0,96.25,0.0694,0.0253,2.75,-3930947.0,39.5046,0.0169,-0.0304,-0.08,up
NEM,2026-04-23,postmarket,2.9,2.066,40.37,False,111.06,120.7,0.0868,0.0482,1.8,-1579724.0,61.3494,-0.1001,-0.0347,-0.0753,up
PG,2026-04-24,premarket,1.59,1.563,1.73,False,145.71,148.18,0.017,0.0276,0.61,1250357.0,43.867,-0.0062,-0.0119,-0.0352,up
SLB,2026-04-24,premarket,0.52,0.513,1.36,False,54.74,56.15,0.0258,0.0299,0.86,4101445.0,65.3194,0.0137,-0.0513,0.0326,up
BKNG,2026-04-28,postmarket,1.14,1.104,3.26,False,173.38,173.98,0.0035,0.0518,0.07,2319619.0,55.0249,-0.0325,-0.1089,-0.0376,up
CSGP,2026-04-28,postmarket,0.15,0.177,-15.25,False,35.96,34.14,-0.0506,0.1212,0.42,-292999.0,52.1367,-0.0021,-0.0636,-0.0568,orderly
EIX,2026-04-28,postmarket,1.42,1.32,7.58,False,67.94,67.94,0.0,0.0468,0.0,-99643.0,46.5345,0.0127,0.0394,0.0294,up
GLW,2026-04-28,premarket,0.7,0.696,0.57,False,168.01,153.05,-0.089,0.0935,0.95,-3090419.0,76.7792,0.0591,0.2953,0.1955,orderly
GM,2026-04-28,premarket,3.7,2.609,41.82,False,77.96,78.95,0.0127,0.0656,0.19,31741.0,54.5363,-0.0355,-0.0318,0.0684,up
HOOD,2026-04-28,postmarket,0.38,0.396,-4.04,False,82.07,71.2,-0.1324,0.0791,1.67,-30115014.0,27.0836,0.1103,0.0779,0.3244,overreaction
KO,2026-04-28,premarket,0.86,0.809,6.3,False,75.44,78.35,0.0386,0.0256,1.5,1201451.0,56.3749,0.0017,0.0214,0.0263,up
SBUX,2026-04-28,postmarket,0.5,0.438,14.16,False,97.28,105.5,0.0845,0.0557,1.52,3722516.0,19.6326,0.0089,0.0043,-0.0601,up
ABBV,2026-04-29,premarket,2.65,2.616,1.3,False,197.69,203.89,0.0314,0.0405,0.77,159154.0,63.5378,0.0056,0.0226,0.0678,up
AMZN,2026-04-29,postmarket,1.56,1.595,-2.19,False,263.04,265.06,0.0077,0.0642,0.12,-7792766.0,20.2404,0.0231,0.0081,-0.0143,up
APH,2026-04-29,premarket,1.06,0.95,11.58,False,143.72,148.38,0.0324,0.0955,0.34,1672.0,67.5978,-0.0668,-0.16,0.0026,up
CMG,2026-04-29,postmarket,0.24,0.243,-1.23,False,32.99,33.99,0.0303,0.0882,0.34,-334257.0,41.6444,-0.0212,-0.0559,-0.1012,up
CVNA,2026-04-29,postmarket,0.34,1.424,-76.12,False,79.32,79.16,-0.002,0.107,0.02,8311026.0,28.9848,0.0106,-0.1217,-0.1031,miss
F,2026-04-29,postmarket,0.66,0.199,231.66,False,12.24,12.08,-0.0131,0.0542,0.24,543818.0,30.9733,0.0083,0.1987,0.3767,orderly
GOOGL,2026-04-29,postmarket,5.11,2.636,93.85,False,349.94,384.8,0.0996,0.0467,2.14,51875141.0,30.6208,0.0343,0.0423,-0.0219,up
KLAC,2026-04-29,postmarket,0.94,9.162,-89.74,False,1816.21,1750.35,-0.0363,0.0936,0.39,2514275.0,62.8283,0.0074,0.0815,0.1084,miss
META,2026-04-29,postmarket,7.31,6.713,8.89,False,669.12,611.91,-0.0855,0.0647,1.32,-97815046.0,35.8666,0.008,0.0107,-0.0187,overreaction
MSFT,2026-04-29,postmarket,4.27,4.068,4.97,False,424.46,407.78,-0.0393,0.055,0.71,-109016057.0,45.8864,0.0319,0.004,0.1293,orderly
QCOM,2026-04-29,postmarket,1.95,2.568,-24.07,False,156.0,179.58,0.1512,0.0689,2.19,22930731.0,62.943,0.1279,0.1142,0.2751,up
AAPL,2026-04-30,postmarket,2.01,1.916,4.91,False,271.35,280.14,0.0324,0.032,1.01,33945321.0,32.689,0.047,0.0717,0.1252,up
BMY,2026-04-30,premarket,1.58,1.441,9.65,False,57.59,60.59,0.0521,0.0408,1.28,246220.0,36.0054,-0.0716,-0.063,-0.0931,up
CAT,2026-04-30,premarket,5.54,4.55,21.76,False,810.05,890.11,0.0988,0.046,2.15,5249791.0,55.8955,0.0063,0.0338,-0.0278,up
COP,2026-04-30,premarket,1.89,1.727,9.44,False,128.25,125.78,-0.0193,0.0289,0.67,207934.0,61.7397,-0.0867,-0.0541,-0.0811,orderly
FSLR,2026-04-30,postmarket,3.22,2.873,12.08,False,201.89,211.71,0.0486,0.0688,0.71,-9489006.0,21.4475,0.0389,0.1023,0.469,up
LLY,2026-04-30,premarket,8.55,7.062,21.07,False,851.21,934.6,0.098,0.0531,1.84,28948394.0,45.1385,0.0432,0.0771,0.1579,up
MA,2026-04-30,premarket,4.6,4.399,4.57,False,525.23,502.92,-0.0425,0.0283,1.5,-2359430.0,41.9826,-0.0039,-0.0258,-0.0153,overreaction
MO,2026-04-30,premarket,1.32,1.244,6.11,False,68.2,72.65,0.0652,0.03,2.18,594513.0,52.4825,-0.0497,-0.0033,-0.0551,up
MRK,2026-04-30,premarket,-1.28,-1.514,15.46,False,110.95,109.18,-0.016,0.0386,0.41,-1070421.0,50.5539,0.0286,0.0387,0.0549,orderly
CVX,2026-05-01,premarket,1.41,0.915,54.1,False,193.31,190.63,-0.0139,0.0238,0.58,-1676426.0,67.4707,-0.0473,0.0025,-0.0162,orderly
MRNA,2026-05-01,premarket,-1.18,-3.02,60.93,False,45.94,45.37,-0.0124,0.0691,0.18,1564805.0,44.0961,0.1979,0.0809,0.006,orderly
ON,2026-05-04,postmarket,0.64,0.612,4.58,False,102.04,102.67,0.0062,0.1022,0.06,-3252675.0,51.462,0.014,0.0326,0.2839,up
PLTR,2026-05-04,postmarket,0.25,0.286,-12.59,False,146.03,135.91,-0.0693,0.082,0.84,-35220787.0,27.6395,0.0007,-0.0048,0.0426,orderly
AEP,2026-05-05,premarket,1.64,1.553,5.6,False,134.66,137.04,0.0177,0.0336,0.53,34682.0,56.456,-0.0372,-0.0593,-0.0675,up
AMD,2026-05-05,postmarket,1.11,1.298,-14.48,False,355.26,421.39,0.1861,0.0738,2.52,94775947.0,71.0388,0.0572,0.0622,0.1068,up
ANET,2026-05-05,postmarket,0.8,0.808,-0.99,False,170.22,147.06,-0.1361,0.08,1.7,-4289029.0,41.0207,-0.0433,-0.0447,0.049,overreaction
DVN,2026-05-05,postmarket,1.04,1.003,3.69,False,50.99,46.6,-0.0861,0.0378,2.27,-1737628.0,52.0364,0.0064,0.0399,-0.0498,overreaction
OXY,2026-05-05,postmarket,1.06,0.623,70.14,False,59.34,55.12,-0.0711,0.0396,1.79,-2482010.0,58.3027,0.0192,0.068,0.0328,overreaction
PFE,2026-05-05,premarket,0.75,0.71,5.63,False,26.3,26.45,0.0057,0.037,0.15,-300278.0,26.5335,-0.0219,-0.0299,-0.0287,up
PYPL,2026-05-05,premarket,1.34,1.266,5.85,False,50.39,46.49,-0.0774,0.0789,0.98,1282300.0,30.0028,-0.0226,-0.0572,-0.0804,orderly
SMCI,2026-05-05,postmarket,0.68,0.626,8.63,False,27.83,34.66,0.2454,0.1231,1.99,19554911.0,56.5958,-0.0767,-0.0346,0.2014,up
APA,2026-05-06,postmarket,1.38,1.006,37.18,False,38.3,36.24,-0.0538,0.0483,1.11,357356.0,59.4581,0.024,0.0579,0.0392,overreaction
APP,2026-05-06,postmarket,3.56,3.396,4.83,False,468.83,498.87,0.0641,0.1015,0.63,1119543.0,35.8445,-0.0275,-0.026,0.1299,up
COHR,2026-05-06,postmarket,1.21,1.407,-14.0,False,344.67,319.19,-0.0739,0.0993,0.74,219708.0,68.4874,0.2686,0.1842,0.2592,orderly
CVS,2026-05-06,premarket,2.57,2.208,16.39,False,80.69,86.86,0.0765,0.0493,1.55,4505082.0,17.9334,0.1295,0.0739,0.1044,up
DASH,2026-05-06,postmarket,0.42,0.375,12.0,False,167.97,171.35,0.0201,0.0931,0.22,-4000439.0,46.5591,-0.103,-0.0705,-0.1101,up
DIS,2026-05-06,premarket,1.57,1.485,5.72,False,100.48,108.06,0.0754,0.0565,1.34,1717922.0,34.6455,-0.0292,-0.0368,-0.0773,up
FTNT,2026-05-06,postmarket,0.73,0.614,18.89,False,89.95,107.97,0.2003,0.0873,2.29,3872598.0,31.7749,0.1286,0.199,0.3248,up
UBER,2026-05-06,premarket,0.72,0.702,2.56,False,72.95,79.17,0.0853,0.0617,1.38,6607657.0,35.1035,-0.0565,-0.0577,-0.1069,up
ABNB,2026-05-07,postmarket,0.26,0.307,-15.31,False,140.46,141.49,0.0073,0.0579,0.13,253988.0,41.6982,-0.0611,-0.0646,-0.0717,up
AKAM,2026-05-07,postmarket,0.91,1.609,-43.44,False,116.69,147.71,0.2658,0.112,2.37,-642018.0,54.8406,0.0215,-0.0032,-0.067,up
BDX,2026-05-07,premarket,2.9,2.767,4.81,False,144.76,153.26,0.0587,0.0512,1.15,155050.0,32.0895,-0.0574,-0.0457,-0.0213,up
COIN,2026-05-07,postmarket,-0.17,0.363,-146.83,True,192.96,201.16,0.0425,0.0631,0.67,10309523.0,44.8241,-0.0285,-0.0804,-0.227,up
DDOG,2026-05-07,premarket,0.17,0.504,-66.27,False,143.71,188.73,0.3133,0.1105,2.84,606695.0,60.4601,0.0748,0.1553,0.2276,up
MCD,2026-05-07,premarket,2.83,2.742,3.21,False,284.1,283.7,-0.0014,0.0291,0.05,-3912622.0,46.6934,-0.0308,0.0017,-0.0209,orderly
MCHP,2026-05-07,postmarket,0.44,0.504,-12.7,False,101.58,99.09,-0.0245,0.0771,0.32,-93351.0,57.6664,-0.0529,-0.0571,-0.0769,orderly
MNST,2026-05-07,postmarket,0.58,0.532,9.02,False,75.97,86.29,0.1358,0.0545,2.49,727158.0,27.7162,0.0093,0.0058,0.0447,up
CEG,2026-05-11,premarket,2.74,2.563,6.91,False,303.63,299.69,-0.013,0.065,0.2,-1120718.0,56.6661,-0.1258,0.0063,-0.1915,orderly
CSCO,2026-05-13,postmarket,0.9,1.04,-13.46,False,101.87,115.53,0.1341,0.076,1.76,15237626.0,64.4357,0.0231,0.0423,0.0402,up
AMAT,2026-05-14,postmarket,2.86,2.684,6.56,False,440.56,436.62,-0.0089,0.0686,0.13,1209128.0,68.2143,-0.0102,0.0494,0.3014,orderly
HD,2026-05-19,premarket,3.43,3.397,0.97,False,299.81,302.44,0.0088,0.0415,0.21,1668327.0,62.2128,0.051,0.0348,0.1053,up
ADI,2026-05-20,premarket,3.09,2.893,6.81,False,414.31,398.05,-0.0392,0.0632,0.62,6788524.0,68.0353,0.0527,0.0772,0.1192,orderly
INTU,2026-05-20,postmarket,11.43,12.477,-8.39,False,383.93,307.07,-0.2002,0.0747,2.68,-8077935.0,65.5172,0.0797,-0.0336,-0.1596,overreaction
NVDA,2026-05-20,postmarket,1.87,1.768,5.77,False,223.47,219.51,-0.0177,0.05,0.35,-187949937.0,34.1582,-0.0381,-0.0656,-0.0887,orderly
TGT,2026-05-20,premarket,1.71,1.408,21.45,False,127.24,122.33,-0.0386,0.0664,0.58,-1431362.0,27.833,0.0517,0.0124,0.0605,orderly
CPRT,2026-05-21,postmarket,0.43,0.41,4.88,False,34.4,33.79,-0.0177,0.0927,0.19,-31699.0,36.1081,-0.0435,-0.0867,-0.1003,orderly
CRM,2026-05-27,postmarket,3.05,3.121,-2.27,False,177.51,176.17,-0.0075,0.0749,0.1,-3196748.0,55.3895,0.0714,-0.0552,-0.1035,orderly
HPQ,2026-05-27,postmarket,0.86,0.716,20.11,False,25.49,25.01,-0.0188,0.0775,0.24,246471.0,57.4084,0.0516,-0.0132,-0.0948,orderly
MRVL,2026-05-27,postmarket,0.59,0.803,-26.53,False,198.7,204.83,0.0309,0.1093,0.28,18865052.0,63.3069,0.5448,0.3705,0.356,up
COST,2026-05-28,postmarket,4.93,4.915,0.31,False,995.2,956.32,-0.0391,0.0248,1.57,-10521783.0,40.873,0.0163,0.0272,-0.0218,overreaction
DELL,2026-05-28,postmarket,4.63,3.035,52.55,False,317.05,420.91,0.3276,0.0873,3.75,104142145.0,86.5072,-0.063,-0.0602,0.0251,up
HPE,2026-06-01,postmarket,0.67,0.54,24.07,False,47.0,56.15,0.1947,0.1975,0.99,12360995.0,56.1148,-0.1403,-0.1384,-0.2657,up
PANW,2026-06-02,postmarket,0.32,0.807,-60.35,False,297.18,280.43,-0.0564,0.1121,0.5,-5366179.0,59.9375,-0.0614,0.0061,0.2749,miss
AVGO,2026-06-03,postmarket,2.17,2.396,-9.43,False,479.23,418.91,-0.1259,0.0745,1.69,-9230788.0,43.25,-0.0796,-0.018,-0.1149,overreaction
CRWD,2026-06-03,postmarket,0.04,1.069,-96.26,False,186.9,179.78,-0.0381,0.0758,0.5,-6172057.0,52.381,-0.0384,-0.0476,0.0825,miss
MDT,2026-06-03,premarket,1.55,1.541,0.58,False,73.75,77.95,0.0569,0.0446,1.28,-2020979.0,66.7705,0.0295,0.0024,0.0656,up
CIEN,2026-06-04,premarket,1.34,1.457,-8.03,False,620.37,535.63,-0.1366,0.1165,1.17,-214658.0,67.5086,-0.1688,-0.2005,-0.2179,overreaction
LULU,2026-06-04,postmarket,1.69,1.669,1.26,False,124.92,114.23,-0.0856,0.084,1.02,6280422.0,27.122,0.0397,-0.077,-0.0053,overreaction
ORCL,2026-06-10,postmarket,1.79,1.961,-8.72,False,201.26,184.1,-0.0853,0.109,0.78,4225754.0,49.3064,0.001,-0.1932,-0.3051,orderly
ADBE,2026-06-11,postmarket,4.58,5.832,-21.47,False,218.8,204.02,-0.0676,0.0774,0.87,-61601680.0,43.3589,-0.0447,0.0118,0.1007,miss
ACN,2026-06-18,premarket,3.8,3.702,2.65,False,156.01,127.98,-0.1797,0.0556,3.23,-1786132.0,74.5139,0.0078,0.0702,0.1006,overreaction
CCL,2026-06-23,premarket,0.41,0.345,18.84,False,30.19,28.72,-0.0487,0.0573,0.85,-1097695.0,33.402,-0.0052,-0.1072,-0.1201,orderly
MU,2026-06-24,postmarket,24.89,20.977,18.65,False,1048.51,1213.56,0.1574,0.0942,1.67,266852600.0,77.0708,-0.1961,-0.193,-0.2582,up
NKE,2026-06-30,postmarket,0.2,0.11,81.82,False,41.05,43.06,0.049,0.0843,0.58,-3361494.0,32.9212,-0.0065,0.0351,-0.0314,up
GIS,2026-07-01,premarket,0.95,0.816,16.42,False,34.8,37.77,0.0853,0.0608,1.4,-461609.0,51.9717,-0.0508,0.0246,-0.0535,up
PEP,2026-07-09,premarket,2.2,2.19,0.46,False,142.51,137.86,-0.0326,0.0282,1.16,2085038.0,54.3175,0.0114,-0.0211,0.0084,overreaction
DAL,2026-07-10,premarket,1.56,1.51,3.31,False,89.0,87.39,-0.0181,0.0402,0.45,-905469.0,18.2142,-0.0368,-0.0267,,orderly
BAC,2026-07-14,premarket,1.21,1.126,7.46,False,59.5,60.62,0.0188,0.0296,0.63,1030255.0,15.6639,0.0099,0.033,,up
C,2026-07-14,premarket,3.15,2.724,15.64,False,140.71,133.27,-0.0529,0.0355,1.49,-5070188.0,38.9403,-0.0032,-0.006,,overreaction
GS,2026-07-14,premarket,20.98,14.473,44.96,False,1045.91,1140.0,0.09,0.0391,2.3,16729169.0,46.2457,-0.0478,-0.0936,,up
JPM,2026-07-14,premarket,6.14,5.591,9.82,False,334.53,342.89,0.025,0.0289,0.86,3867718.0,32.274,0.0068,0.0421,,up
JNJ,2026-07-15,premarket,2.9,2.84,2.11,False,253.85,247.02,-0.0269,0.0284,0.95,-835179.0,74.1489,0.0349,0.0749,,orderly
MS,2026-07-15,premarket,3.46,2.894,19.56,False,227.67,228.55,0.0039,0.0366,0.11,-66475.0,44.3969,-0.044,-0.1112,,up
GE,2026-07-16,premarket,2.02,1.856,8.84,False,360.35,345.73,-0.0406,0.0454,0.89,-2149142.0,36.0535,0.0095,0.0269,,orderly
NFLX,2026-07-16,postmarket,0.8,0.787,1.65,False,74.35,68.95,-0.0726,0.0807,0.9,-18770388.0,38.9393,0.0165,0.04,,orderly
UNH,2026-07-16,premarket,6.38,4.874,30.9,False,418.52,423.38,0.0116,0.0524,0.22,-944481.0,18.2244,0.0004,-0.0045,,up
COF,2026-07-21,postmarket,5.81,4.845,19.92,False,206.22,201.36,-0.0236,0.0425,0.56,-2161659.0,30.4555,0.0365,0.1007,,orderly
GM,2026-07-21,premarket,3.57,3.126,14.2,False,75.8,79.52,0.0491,0.0569,0.86,475886.0,50.0414,0.1356,0.1105,,up
HAL,2026-07-21,premarket,0.55,0.535,2.8,False,35.11,33.19,-0.0547,0.044,1.24,-197543.0,47.1283,-0.0591,-0.025,,overreaction
IBKR,2026-07-21,postmarket,0.69,0.635,8.66,False,94.42,93.5,-0.0097,0.0497,0.2,-121200.0,37.7743,-0.0774,-0.0509,,orderly
SCHW,2026-07-21,premarket,1.62,1.534,5.61,False,102.54,99.96,-0.0252,0.0377,0.67,-950829.0,43.7995,0.0601,0.0639,,orderly
GEV,2026-07-22,premarket,2.47,3.165,-21.96,False,1078.81,985.03,-0.0869,0.0694,1.25,-9314743.0,62.5551,-0.086,0.0334,,capitulation
GOOGL,2026-07-22,postmarket,9.11,2.87,217.42,False,342.09,317.69,-0.0713,0.0493,1.45,-76560571.0,35.5005,0.0503,0.1261,,overreaction
IBM,2026-07-22,postmarket,2.93,2.93,0.0,False,205.77,206.65,0.0043,0.0587,0.07,10181018.0,52.9327,0.073,0.1296,,up
KMI,2026-07-22,postmarket,0.37,0.31,19.35,False,32.49,32.77,0.0086,0.0242,0.36,371419.0,37.8311,-0.0339,-0.0455,,up
NOW,2026-07-22,postmarket,0.31,0.856,-63.79,False,95.46,91.94,-0.0369,0.0992,0.37,-4065146.0,62.0432,0.1972,0.2764,,miss
T,2026-07-22,premarket,0.65,0.591,9.98,False,22.26,23.04,0.035,0.0439,0.8,14849.0,56.0976,0.0391,0.0009,,up
TSLA,2026-07-22,postmarket,0.04,0.505,-92.08,False,374.01,319.69,-0.1452,0.0499,2.91,-264101950.0,33.1891,-0.0339,-0.0005,,capitulation
TXN,2026-07-22,postmarket,2.14,1.91,12.04,False,294.19,284.99,-0.0313,0.0795,0.39,-14307034.0,64.1822,-0.0219,-0.0231,,orderly
BX,2026-07-23,premarket,1.52,1.325,14.72,False,122.82,124.5,0.0137,0.0362,0.38,999754.0,39.8336,0.0287,0.0719,,up
CMCSA,2026-07-23,premarket,1.04,0.968,7.44,False,23.52,21.92,-0.068,0.0499,1.36,1553419.0,48.3507,0.0798,0.1483,,overreaction
DOW,2026-07-23,premarket,1.44,1.25,15.2,False,31.25,30.9,-0.0112,0.0475,0.24,-251077.0,20.4605,-0.0262,-0.0194,,orderly
FCX,2026-07-23,premarket,0.74,0.623,18.78,False,65.0,63.5,-0.0231,0.0452,0.51,-1621702.0,57.6005,-0.0009,0.0737,,orderly
INTC,2026-07-23,postmarket,0.3,0.208,44.23,False,100.23,92.32,-0.0789,0.1043,0.76,-25979000.0,70.9738,-0.023,0.1011,,orderly
NEM,2026-07-23,postmarket,2.1,2.046,2.64,False,94.72,93.19,-0.0162,0.0422,0.38,-1100269.0,38.7799,0.0056,0.2124,,orderly
AXP,2026-07-24,premarket,4.53,4.407,2.79,False,340.84,326.17,-0.043,0.0301,1.43,253077.0,24.6791,0.0309,0.0452,,overreaction
NEE,2026-07-24,premarket,1.15,1.116,3.05,False,89.79,89.78,-0.0001,0.0199,0.01,-545572.0,19.7347,-0.0319,-0.0571,,orderly
SLB,2026-07-24,premarket,0.55,0.509,8.06,False,47.22,52.42,0.1101,0.0238,4.63,-573084.0,32.4153,-0.054,-0.0361,,up
BA,2026-07-28,premarket,-0.76,-0.338,-124.85,False,211.5,221.56,0.0476,0.0458,1.04,5129118.0,42.6558,0.0704,,,up
CSGP,2026-07-28,postmarket,0.25,0.28,-10.71,False,30.33,29.83,-0.0165,0.1255,0.13,136391.0,64.2773,0.0127,,,orderly
F,2026-07-28,postmarket,0.42,0.328,28.05,False,14.96,15.28,0.0214,0.0551,0.39,675448.0,50.1845,-0.0753,,,up
GLW,2026-07-28,premarket,0.78,0.762,2.36,False,143.36,126.01,-0.121,0.0928,1.3,-8136468.0,80.1136,0.2689,,,overreaction
KLAC,2026-07-28,postmarket,1.05,1.004,4.58,False,190.8,170.19,-0.108,0.1695,0.64,5382116.0,84.8284,0.1329,,,orderly
KO,2026-07-28,premarket,0.97,0.92,5.43,False,84.07,88.27,0.05,0.0267,1.87,1916354.0,57.1429,-0.0194,,,up
PYPL,2026-07-28,premarket,1.38,1.28,7.81,False,56.07,58.32,0.0401,0.0716,0.56,4107756.0,7.9172,0.0038,,,up
APH,2026-07-29,premarket,1.35,1.187,13.73,False,143.85,150.31,0.0449,0.1123,0.4,-700139.0,66.7691,0.1459,,,up
BSX,2026-07-29,premarket,0.86,0.831,3.49,False,46.06,46.04,-0.0004,0.0698,0.01,-1542636.0,65.1755,0.0369,,,orderly
CMG,2026-07-29,postmarket,0.33,0.321,2.8,False,34.24,38.52,0.125,0.0669,1.87,184447.0,28.201,-0.1249,,,up
CVNA,2026-07-29,postmarket,0.42,0.419,0.24,False,66.32,61.44,-0.0736,0.0985,0.75,-8197731.0,40.7087,0.1123,,,orderly
FTNT,2026-07-29,postmarket,0.81,0.748,8.29,False,153.22,154.25,0.0067,0.117,0.06,454430.0,56.0709,0.038,,,up
HOOD,2026-07-29,postmarket,0.62,0.432,43.52,False,89.84,86.6,-0.0361,0.0811,0.44,-6927445.0,43.5018,0.0475,,,orderly
LRCX,2026-07-29,postmarket,1.82,1.69,7.69,False,252.35,297.72,0.1798,0.0786,2.29,13887025.0,74.0,0.027,,,up
META,2026-07-29,postmarket,6.18,7.099,-12.95,False,585.61,539.03,-0.0795,0.071,1.12,-88044070.0,43.9141,0.0944,,,overreaction
MSFT,2026-07-29,postmarket,4.74,4.209,12.62,False,390.54,451.1,0.1551,0.0578,2.68,370112080.0,53.7713,0.1081,,,up
PG,2026-07-29,premarket,1.43,1.413,1.2,False,148.88,146.1,-0.0187,0.0261,0.72,-259064.0,56.1239,0.0048,,,orderly
QCOM,2026-07-29,postmarket,1.53,2.218,-31.02,False,155.68,151.6,-0.0262,0.0682,0.38,8832252.0,47.83,0.058,,,miss
SBUX,2026-07-29,postmarket,0.85,0.657,29.38,False,104.14,105.85,0.0164,0.0461,0.36,1244525.0,24.1636,-0.0065,,,up
AAPL,2026-07-30,postmarket,1.91,1.884,1.38,False,333.43,308.91,-0.0735,0.0317,2.32,-138692044.0,52.7499,0.0143,,,overreaction
AEP,2026-07-30,premarket,1.36,1.491,-8.79,False,129.4,127.78,-0.0125,0.0416,0.3,19013.0,44.877,-0.0197,,,orderly
AMZN,2026-07-30,postmarket,1.88,1.826,2.96,False,235.5,271.58,0.1532,0.067,2.29,146028489.0,31.3575,0.0107,,,up
BMY,2026-07-30,premarket,2.04,1.592,28.14,False,63.1,64.86,0.0279,0.0338,0.83,1507447.0,40.9496,-0.0109,,,up
COIN,2026-07-30,postmarket,-0.39,0.147,-365.31,True,163.58,146.26,-0.1059,0.0616,1.72,-2707271.0,48.929,0.0502,,,other
EIX,2026-07-30,postmarket,1.54,1.016,51.57,False,78.73,73.37,-0.0681,0.0378,1.8,-17500.0,49.3865,-0.0647,,,overreaction
FSLR,2026-07-30,postmarket,3.92,2.739,43.12,False,206.01,211.03,0.0244,0.0642,0.38,-2287671.0,81.9358,0.1849,,,up
MA,2026-07-30,premarket,5.04,4.767,5.73,False,563.32,577.35,0.0249,0.0255,0.98,2371502.0,47.4699,-0.0024,,,up
MO,2026-07-30,premarket,1.48,1.5,-1.33,False,74.92,67.94,-0.0932,0.0325,2.86,1477147.0,61.8276,-0.0028,,,overreaction
ABBV,2026-07-31,premarket,3.65,3.636,0.39,False,257.41,250.94,-0.0251,0.0269,0.93,-77122.0,54.9524,-0.0195,,,orderly
CVX,2026-07-31,premarket,6.06,5.804,4.41,False,192.31,196.83,0.0235,0.0208,1.13,373464.0,65.4112,-0.0522,,,up
MRNA,2026-07-31,premarket,-1.97,-1.973,0.15,False,57.92,54.82,-0.0535,0.067,0.8,-129613.0,53.0291,0.0794,,,orderly
ON,2026-08-03,postmarket,0.74,0.716,3.35,False,80.4,80.78,0.0047,0.0954,0.05,-2094825.0,60.448,,,,up
PLTR,2026-08-03,postmarket,0.31,0.35,-11.43,False,125.65,162.66,0.2945,0.1015,2.9,155827770.0,40.3646,,,,up
AMD,2026-08-04,postmarket,1.44,1.605,-10.28,False,518.58,482.05,-0.0704,0.0677,1.04,-120463263.0,60.319,,,,overreaction
ANET,2026-08-04,postmarket,0.95,0.893,6.38,False,190.51,197.31,0.0357,0.0922,0.39,-4113392.0,64.2512,,,,up
BKNG,2026-08-04,postmarket,2.54,2.451,3.63,False,194.27,207.02,0.0656,0.0594,1.1,2124669.0,64.5606,,,,up
CAT,2026-08-04,premarket,8.17,6.245,30.82,False,830.03,876.54,0.056,0.0624,0.9,6362512.0,72.0835,,,,up
DVN,2026-08-04,postmarket,1.57,1.299,20.86,False,44.05,42.09,-0.0445,0.0391,1.14,-194062.0,46.1743,,,,overreaction
MCD,2026-08-04,premarket,3.38,3.32,1.81,False,265.23,268.34,0.0117,0.0339,0.35,-931138.0,73.2017,,,,up
MRK,2026-08-04,premarket,-0.13,-0.263,50.57,False,127.77,128.0,0.0018,0.0401,0.04,234322.0,58.7702,,,,up
PFE,2026-08-04,premarket,0.77,0.676,13.91,False,25.03,25.41,0.0152,0.0258,0.59,271550.0,14.2026,,,,up
APA,2026-08-05,postmarket,1.89,1.852,2.05,False,34.66,36.53,0.054,0.0429,1.26,-162520.0,42.8479,,,,up
APP,2026-08-05,postmarket,3.76,3.715,1.21,False,417.8,335.67,-0.1966,0.0966,2.04,-32811111.0,30.3524,,,,overreaction
CVS,2026-08-05,premarket,2.58,1.873,37.75,False,104.42,99.12,-0.0508,0.0503,1.01,-199102.0,32.9464,,,,overreaction
DASH,2026-08-05,postmarket,0.46,0.504,-8.73,False,207.27,213.26,0.0289,0.0857,0.34,137864.0,27.2972,,,,up
DIS,2026-08-05,premarket,2.06,1.879,9.63,False,98.18,101.76,0.0365,0.0514,0.71,-1934306.0,34.4699,,,,up
LLY,2026-08-05,premarket,8.38,6.013,39.36,False,1115.68,1169.86,0.0486,0.0641,0.76,10856517.0,42.4321,,,,up
OXY,2026-08-05,postmarket,2.4,1.924,24.74,False,53.81,56.04,0.0414,0.0363,1.14,-1081886.0,49.4583,,,,up
UBER,2026-08-05,premarket,1.17,0.832,40.62,False,71.99,68.18,-0.0529,0.0622,0.85,-5737204.0,26.3246,,,,orderly
ABNB,2026-08-06,postmarket,1.37,1.2,14.17,False,151.64,178.07,0.1743,0.0561,3.11,1266687.0,27.7429,,,,up
AKAM,2026-08-06,postmarket,0.64,1.578,-59.44,False,118.55,110.54,-0.0676,0.1264,0.53,-1470239.0,43.6527,,,,miss
BDX,2026-08-06,premarket,3.23,3.137,2.96,False,170.66,177.07,0.0376,0.0671,0.56,452967.0,48.4983,,,,up
CEG,2026-08-06,premarket,2.55,2.363,7.91,False,265.12,261.1,-0.0152,0.0517,0.29,-535375.0,41.3504,,,,orderly
COP,2026-08-06,premarket,3.24,2.957,9.57,False,115.04,116.76,0.015,0.0276,0.54,-199621.0,52.154,,,,up
DDOG,2026-08-06,premarket,0.18,0.583,-69.13,False,283.17,229.29,-0.1903,0.1118,1.7,12333332.0,46.7873,,,,capitulation
MCHP,2026-08-06,postmarket,0.61,0.695,-12.23,False,74.36,84.69,0.1389,0.0711,1.96,3325521.0,39.8919,,,,up
MNST,2026-08-06,postmarket,0.6,0.587,2.21,False,94.16,90.36,-0.0404,0.0603,0.67,-499344.0,32.6915,,,,orderly
